application_id,candidate_id,job_id,application_date,source
APP-0001,CAND-0038,JOB-0004,2026-06-26,LinkedIn
APP-0002,CAND-0002,JOB-0001,2026-06-14,LinkedIn
APP-0003,CAND-0015,JOB-0005,2026-07-10,Website
APP-0004,CAND-0002,JOB-0005,2026-07-15,LinkedIn
APP-0005,CAND-0046,JOB-0005,2026-05-21,Referral
APP-0006,CAND-0015,JOB-0004,2026-07-14,Website
APP-0007,CAND-0018,JOB-0001,2026-07-26,LinkedIn
APP-0008,CAND-0045,JOB-0004,2026-05-25,Referral
APP-0009,CAND-0018,JOB-0002,2026-07-29,LinkedIn
APP-0010,CAND-0049,JOB-0003,2026-06-05,LinkedIn
APP-0011,CAND-0006,JOB-0004,2026-07-15,LinkedIn
APP-0012,CAND-0023,JOB-0003,2026-06-05,Website
APP-0013,CAND-0017,JOB-0001,2026-06-10,Website
APP-0014,CAND-0030,JOB-0005,2026-07-19,LinkedIn
APP-0015,CAND-0025,JOB-0001,2026-05-23,Website
APP-0016,CAND-0019,JOB-0005,2026-05-31,Referral
APP-0017,CAND-0037,JOB-0002,2026-06-08,Website
APP-0018,CAND-0005,JOB-0001,2026-06-01,Website
APP-0019,CAND-0015,JOB-0003,2026-07-08,LinkedIn
APP-0020,CAND-0015,JOB-0001,2026-05-23,Referral
APP-0021,CAND-0018,JOB-0004,2026-05-31,Website
APP-0022,CAND-0024,JOB-0002,2026-05-16,Referral
APP-0023,CAND-0023,JOB-0002,2026-06-24,Website
APP-0024,CAND-0018,JOB-0001,2026-06-28,Website
APP-0025,CAND-0041,JOB-0002,2026-07-21,Website
APP-0026,CAND-0047,JOB-0002,2026-07-12,LinkedIn
APP-0027,CAND-0030,JOB-0004,2026-06-30,Referral
APP-0028,CAND-0041,JOB-0005,2026-06-13,LinkedIn
APP-0029,CAND-0044,JOB-0003,2026-05-19,LinkedIn
APP-0030,CAND-0015,JOB-0001,2026-06-07,Referral
APP-0031,CAND-0026,JOB-0003,2026-06-12,LinkedIn
APP-0032,CAND-0014,JOB-0005,2026-07-23,Website
APP-0033,CAND-0021,JOB-0002,2026-06-12,Website
APP-0034,CAND-0032,JOB-0004,2026-07-23,Website
APP-0035,CAND-0030,JOB-0002,2026-08-07,Referral
APP-0036,CAND-0009,JOB-0002,2026-06-29,Website
APP-0037,CAND-0036,JOB-0005,2026-05-22,Referral
APP-0038,CAND-0048,JOB-0005,2026-07-21,Referral
APP-0039,CAND-0038,JOB-0004,2026-06-07,Referral
APP-0040,CAND-0015,JOB-0002,2026-06-10,Website
APP-0041,CAND-0032,JOB-0001,2026-07-31,LinkedIn
APP-0042,CAND-0008,JOB-0002,2026-07-31,Website
APP-0043,CAND-0011,JOB-0004,2026-07-15,Website
APP-0044,CAND-0005,JOB-0004,2026-07-12,Referral
APP-0045,CAND-0039,JOB-0004,2026-07-19,Website
APP-0046,CAND-0017,JOB-0005,2026-08-02,LinkedIn
APP-0047,CAND-0044,JOB-0001,2026-06-04,Website
APP-0048,CAND-0035,JOB-0003,2026-06-26,Website
APP-0049,CAND-0022,JOB-0001,2026-05-27,Referral
APP-0050,CAND-0028,JOB-0002,2026-07-07,Referral
APP-0051,CAND-0001,JOB-0003,2026-06-06,Website
APP-0052,CAND-0049,JOB-0002,2026-07-17,Website
APP-0053,CAND-0007,JOB-0003,2026-05-30,Website
APP-0054,CAND-0033,JOB-0005,2026-08-12,LinkedIn
APP-0055,CAND-0010,JOB-0003,2026-06-10,LinkedIn
APP-0056,CAND-0035,JOB-0005,2026-08-04,LinkedIn
APP-0057,CAND-0039,JOB-0003,2026-05-29,Referral
APP-0058,CAND-0002,JOB-0001,2026-05-22,Referral
APP-0059,CAND-0020,JOB-0002,2026-05-21,LinkedIn
APP-0060,CAND-0016,JOB-0005,2026-06-01,LinkedIn
APP-0061,CAND-0006,JOB-0004,2026-07-31,LinkedIn
APP-0062,CAND-0049,JOB-0005,2026-06-14,LinkedIn
APP-0063,CAND-0009,JOB-0004,2026-07-12,Website
APP-0064,CAND-0011,JOB-0003,2026-07-27,Website
APP-0065,CAND-0039,JOB-0004,2026-08-04,LinkedIn
APP-0066,CAND-0035,JOB-0002,2026-07-10,Website
APP-0067,CAND-0020,JOB-0004,2026-06-13,Website
APP-0068,CAND-0042,JOB-0003,2026-06-27,Referral
APP-0069,CAND-0034,JOB-0004,2026-05-28,LinkedIn
APP-0070,CAND-0016,JOB-0002,2026-06-30,LinkedIn
APP-0071,CAND-0022,JOB-0001,2026-07-21,Website
APP-0072,CAND-0036,JOB-0002,2026-06-14,Website
APP-0073,CAND-0015,JOB-0001,2026-07-22,LinkedIn
APP-0074,CAND-0046,JOB-0001,2026-06-24,LinkedIn
APP-0075,CAND-0005,JOB-0001,2026-06-11,Referral
APP-0076,CAND-0005,JOB-0005,2026-07-03,LinkedIn
APP-0077,CAND-0018,JOB-0004,2026-07-07,LinkedIn
APP-0078,CAND-0035,JOB-0002,2026-07-02,Website
APP-0079,CAND-0037,JOB-0005,2026-06-27,Referral
APP-0080,CAND-0016,JOB-0004,2026-05-23,Referral
