onboarding_id,offer_id,application_id,candidate_id,planned_joining_date,actual_joining_date,joining_status,no_join_reason,onboarding_completed
review-clean4-messy-ONB-000001,review-clean4-messy-OFF-000002,review-clean4-messy-APP-000044,review-clean4-messy-CAND-00223,2026-09-27,2026-09-27,JOINED,,True
review-clean4-messy-ONB-000002,review-clean4-messy-OFF-000003,review-clean4-messy-APP-000059,review-clean4-messy-CAND-03810,2026-08-17,08/17/2026,JOINED,Found other offer,False
review-clean4-messy-ONB-000003,review-clean4-messy-OFF-000005,review-clean4-messy-APP-000079,review-clean4-messy-CAND-02213,2026-08-24,2026-08-25,Rejected,,True
review-clean4-messy-ONB-000004,review-clean4-messy-OFF-000008,review-clean4-messy-APP-000132,review-clean4-messy-CAND-02436,09/21/2026,,Joined,,True
review-clean4-messy-ONB-000005,review-clean4-messy-OFF-000009,review-clean4-messy-APP-000150,review-clean4-messy-CAND-00585,10/16/2026,,Joined,,True
review-clean4-messy-ONB-000006,review-clean4-messy-OFF-000010,review-clean4-messy-APP-000198,review-clean4-messy-CAND-02189,10/06/2026,2026-10-11,Joined,,True
review-clean4-messy-ONB-000007,review-clean4-messy-OFF-000011,review-clean4-messy-APP-000227,review-clean4-messy-CAND-00824,2026-08-12,,Joined,,False
review-clean4-messy-ONB-000008,review-clean4-messy-OFF-000012,review-clean4-messy-APP-000260,review-clean4-messy-CAND-02677,07/30/2026,,Joined,Personal reasons,True
review-clean4-messy-ONB-000009,review-clean4-messy-OFF-000014,review-clean4-messy-APP-000267,review-clean4-messy-CAND-01154,2026-08-08,2026-08-11,Joined,,False
review-clean4-messy-ONB-000010,review-clean4-messy-OFF-000016,review-clean4-messy-APP-000295,review-clean4-messy-CAND-03726,2026-08-16,,No Show,,True
review-clean4-messy-ONB-000011,review-clean4-messy-OFF-000017,review-clean4-messy-APP-000314,review-clean4-messy-CAND-00894,2026-08-23,,Cancelled,,true
review-clean4-messy-ONB-000012,review-clean4-messy-OFF-000021,review-clean4-messy-APP-000355,review-clean4-messy-CAND-02191,2026-09-15,2026-09-19,Cancelled,,False
review-clean4-messy-ONB-000013,review-clean4-messy-OFF-000022,review-clean4-messy-APP-000363,review-clean4-messy-CAND-03440,2026-08-14,2026-08-18,No hire,,True
review-clean4-messy-ONB-000014,review-clean4-messy-OFF-000028,review-clean4-messy-APP-000445,review-clean4-messy-CAND-03469,2026-08-10,2026-08-13,No hire,,True
review-clean4-messy-ONB-000015,review-clean4-messy-OFF-000034,review-clean4-messy-APP-000570,review-clean4-messy-CAND-00216,2026-08-19,2026-08-17,Postponed,,False
review-clean4-messy-ONB-000016,review-clean4-messy-OFF-000037,review-clean4-messy-APP-000608,review-clean4-messy-CAND-02561,2026-10-10,10/13/2026,Postponed,Personal reasons,False
review-clean4-messy-ONB-000017,review-clean4-messy-OFF-000040,review-clean4-messy-APP-000655,review-clean4-messy-CAND-02176,2026-09-19,2026-09-22,No Show,Found other offer,True
review-clean4-messy-ONB-000018,review-clean4-messy-OFF-000042,review-clean4-messy-APP-000666,review-clean4-messy-CAND-00511,2026-10-07,2026-10-10,No hire,Personal reasons,False
review-clean4-messy-ONB-000019,review-clean4-messy-OFF-000043,review-clean4-messy-APP-000707,review-clean4-messy-CAND-00076,09/06/2026,,Joined,Found other offer,False
review-clean4-messy-ONB-000020,review-clean4-messy-OFF-000044,review-clean4-messy-APP-000713,review-clean4-messy-CAND-00923,09/09/2026,2026-09-12,Joined,,false
review-clean4-messy-ONB-000021,review-clean4-messy-OFF-000046,review-clean4-messy-APP-000738,review-clean4-messy-CAND-04404,2026-09-02,2026-08-31,Joined,,False
review-clean4-messy-ONB-000022,review-clean4-messy-OFF-000053,review-clean4-messy-APP-000830,review-clean4-messy-CAND-03421,2026-07-27,2026-08-01,Done,Found other offer,False
review-clean4-messy-ONB-000023,review-clean4-messy-OFF-000055,review-clean4-messy-APP-000949,review-clean4-messy-CAND-02909,2026-09-08,,Joined,Personal reasons,False
review-clean4-messy-ONB-000024,review-clean4-messy-OFF-000059,review-clean4-messy-APP-001017,review-clean4-messy-CAND-04441,10/03/2026,,No Show,,True
review-clean4-messy-ONB-000025,review-clean4-messy-OFF-000064,review-clean4-messy-APP-001068,review-clean4-messy-CAND-01853,10/01/2026,2026-10-04,no show,,true
review-clean4-messy-ONB-000026,review-clean4-messy-OFF-000070,review-clean4-messy-APP-001114,review-clean4-messy-CAND-01273,2026-09-15,2026-09-18,Cancelled,,True
review-clean4-messy-ONB-000027,review-clean4-messy-OFF-000074,review-clean4-messy-APP-001165,review-clean4-messy-CAND-02520,2026-10-17,,JOINED,,False
review-clean4-messy-ONB-000028,review-clean4-messy-OFF-000077,review-clean4-messy-APP-001191,review-clean4-messy-CAND-02686,09/18/2026,2026-09-18,No Show,,False
review-clean4-messy-ONB-000029,review-clean4-messy-OFF-000079,review-clean4-messy-APP-001235,review-clean4-messy-CAND-00459,2026-09-28,,No Show,,False
review-clean4-messy-ONB-000030,review-clean4-messy-OFF-000080,review-clean4-messy-APP-001241,review-clean4-messy-CAND-00232,2026-08-28,,Postponed,,False
review-clean4-messy-ONB-000031,review-clean4-messy-OFF-000081,review-clean4-messy-APP-001265,review-clean4-messy-CAND-03100,08/20/2026,2026-08-21,Offer accepted,,True
review-clean4-messy-ONB-000032,review-clean4-messy-OFF-000084,review-clean4-messy-APP-001314,review-clean4-messy-CAND-02171,2026-08-13,,No Show,,True
review-clean4-messy-ONB-000033,review-clean4-messy-OFF-000086,review-clean4-messy-APP-001340,review-clean4-messy-CAND-02113,2026-08-12,,No Show,,True
review-clean4-messy-ONB-000034,review-clean4-messy-OFF-000090,review-clean4-messy-APP-001375,review-clean4-messy-CAND-00238,2026-08-04,,No Show,,True
review-clean4-messy-ONB-000035,review-clean4-messy-OFF-000092,review-clean4-messy-APP-001386,review-clean4-messy-CAND-02119,08/24/2026,2026-08-29,Joined,Found other offer,True
review-clean4-messy-ONB-000036,review-clean4-messy-OFF-000095,review-clean4-messy-APP-001429,review-clean4-messy-CAND-02516,2026-08-15,2026-08-15,Joined,,True
review-clean4-messy-ONB-000037,review-clean4-messy-OFF-000096,review-clean4-messy-APP-001446,review-clean4-messy-CAND-04721,2026-09-10,2026-09-08,Joined,,True
review-clean4-messy-ONB-000038,review-clean4-messy-OFF-000098,review-clean4-messy-APP-001502,review-clean4-messy-CAND-00818,09/17/2026,09/16/2026,Cancelled,,True
review-clean4-messy-ONB-000039,review-clean4-messy-OFF-000100,review-clean4-messy-APP-001531,review-clean4-messy-CAND-02772,08/22/2026,,Cancelled,Found other offer,False
review-clean4-messy-ONB-000040,review-clean4-messy-OFF-000101,review-clean4-messy-APP-001532,review-clean4-messy-CAND-00781,2026-10-09,2026-10-12,Cancelled,,False
review-clean4-messy-ONB-000041,review-clean4-messy-OFF-000106,review-clean4-messy-APP-001612,review-clean4-messy-CAND-02357,2026-07-29,08/02/2026,Joined,,True
review-clean4-messy-ONB-000042,review-clean4-messy-OFF-000118,review-clean4-messy-APP-001742,review-clean4-messy-CAND-00381,08/15/2026,2026-08-13,Postponed,,YES
review-clean4-messy-ONB-000043,review-clean4-messy-OFF-000119,review-clean4-messy-APP-001744,review-clean4-messy-CAND-04272,08/22/2026,,Offer accepted,,No
review-clean4-messy-ONB-000044,review-clean4-messy-OFF-000122,review-clean4-messy-APP-001816,review-clean4-messy-CAND-03262,09/15/2026,2026-09-19,Cancelled,,False
review-clean4-messy-ONB-000045,review-clean4-messy-OFF-000128,review-clean4-messy-APP-001943,review-clean4-messy-CAND-01923,08/10/2026,,No Show,Found other offer,true
review-clean4-messy-ONB-000046,review-clean4-messy-OFF-000131,review-clean4-messy-APP-001966,review-clean4-messy-CAND-02997,2026-09-23,2026-09-25,Cancelled,,No
review-clean4-messy-ONB-000047,review-clean4-messy-OFF-000137,review-clean4-messy-APP-002046,review-clean4-messy-CAND-04145,2026-08-08,2026-08-13,Cancelled,Found other offer,False
review-clean4-messy-ONB-000048,review-clean4-messy-OFF-000140,review-clean4-messy-APP-002073,review-clean4-messy-CAND-00639,09/07/2026,2026-09-05,Joined,,YES
review-clean4-messy-ONB-000049,review-clean4-messy-OFF-000143,review-clean4-messy-APP-002108,review-clean4-messy-CAND-03008,2026-07-11,,Joined,,YES
review-clean4-messy-ONB-000050,review-clean4-messy-OFF-000144,review-clean4-messy-APP-002118,review-clean4-messy-CAND-02740,08/15/2026,2026-08-19,Cancelled,,YES
review-clean4-messy-ONB-000051,review-clean4-messy-OFF-000151,review-clean4-messy-APP-002170,review-clean4-messy-CAND-02223,2026-08-12,08/17/2026,Postponed,,YES
review-clean4-messy-ONB-000052,review-clean4-messy-OFF-000159,review-clean4-messy-APP-002341,review-clean4-messy-CAND-03045,2026-07-09,2026-07-14,no show,,No
review-clean4-messy-ONB-000053,review-clean4-messy-OFF-000163,review-clean4-messy-APP-002446,review-clean4-messy-CAND-00694,2026-09-05,2026-09-09,JOINED,,True
review-clean4-messy-ONB-000054,review-clean4-messy-OFF-000167,review-clean4-messy-APP-002480,review-clean4-messy-CAND-00676,2026-09-02,2026-08-31,Postponed,Found other offer,False
review-clean4-messy-ONB-000055,review-clean4-messy-OFF-000169,review-clean4-messy-APP-002500,review-clean4-messy-CAND-03267,08/24/2026,,Cancelled,,False
review-clean4-messy-ONB-000056,review-clean4-messy-OFF-000172,review-clean4-messy-APP-002539,review-clean4-messy-CAND-04029,2026-09-23,2026-09-27,Cancelled,,True
review-clean4-messy-ONB-000057,review-clean4-messy-OFF-000173,review-clean4-messy-APP-002572,review-clean4-messy-CAND-00208,08/02/2026,2026-08-04,No Show,Personal reasons,False
review-clean4-messy-ONB-000058,review-clean4-messy-OFF-000175,review-clean4-messy-APP-002617,review-clean4-messy-CAND-02468,09/03/2026,2026-09-05,Cancelled,Found other offer,True
review-clean4-messy-ONB-000059,review-clean4-messy-OFF-000177,review-clean4-messy-APP-002679,review-clean4-messy-CAND-03804,2026-08-09,,Postponed,,True
review-clean4-messy-ONB-000060,review-clean4-messy-OFF-000182,review-clean4-messy-APP-002736,review-clean4-messy-CAND-01681,2026-08-18,2026-08-17,Done,Found other offer,True
review-clean4-messy-ONB-000061,review-clean4-messy-OFF-000184,review-clean4-messy-APP-002773,review-clean4-messy-CAND-01144,2026-10-07,,No Show,Found other offer,True
review-clean4-messy-ONB-000062,review-clean4-messy-OFF-000185,review-clean4-messy-APP-002796,review-clean4-messy-CAND-03573,09/04/2026,2026-09-06,No Show,,True
review-clean4-messy-ONB-000063,review-clean4-messy-OFF-000186,review-clean4-messy-APP-002861,review-clean4-messy-CAND-04213,09/16/2026,2026-09-14,Cancelled,,True
review-clean4-messy-ONB-000064,review-clean4-messy-OFF-000190,review-clean4-messy-APP-002907,review-clean4-messy-CAND-00295,10/01/2026,2026-10-03,Done,Personal reasons,False
review-clean4-messy-ONB-000065,review-clean4-messy-OFF-000193,review-clean4-messy-APP-002948,review-clean4-messy-CAND-03294,08/06/2026,2026-08-08,no show,Personal reasons,False
review-clean4-messy-ONB-000066,review-clean4-messy-OFF-000195,review-clean4-messy-APP-002955,review-clean4-messy-CAND-03547,09/06/2026,2026-09-08,Joined,,true
review-clean4-messy-ONB-000067,review-clean4-messy-OFF-000199,review-clean4-messy-APP-002981,review-clean4-messy-CAND-04512,07/24/2026,2026-07-23,Postponed,,YES
review-clean4-messy-ONB-000068,review-clean4-messy-OFF-000200,review-clean4-messy-APP-003013,review-clean4-messy-CAND-02973,08/16/2026,2026-08-18,Joined,,True
review-clean4-messy-ONB-000069,review-clean4-messy-OFF-000206,review-clean4-messy-APP-003071,review-clean4-messy-CAND-00781,09/26/2026,09/29/2026,Joined,,True
review-clean4-messy-ONB-000070,review-clean4-messy-OFF-000210,review-clean4-messy-APP-003118,review-clean4-messy-CAND-03931,2026-09-21,,Joined,,YES
review-clean4-messy-ONB-000071,review-clean4-messy-OFF-000212,review-clean4-messy-APP-003130,review-clean4-messy-CAND-03297,09/30/2026,2026-10-04,No Show,,True
review-clean4-messy-ONB-000072,review-clean4-messy-OFF-000216,review-clean4-messy-APP-003173,review-clean4-messy-CAND-03909,10/15/2026,,Rejected,,True
review-clean4-messy-ONB-000073,review-clean4-messy-OFF-000218,review-clean4-messy-APP-003230,review-clean4-messy-CAND-01858,2026-09-04,2026-09-07,POSTPONED,Found other offer,True
review-clean4-messy-ONB-000074,review-clean4-messy-OFF-000221,review-clean4-messy-APP-003334,review-clean4-messy-CAND-00367,2026-10-04,,Joined,,YES
review-clean4-messy-ONB-000075,review-clean4-messy-OFF-000222,review-clean4-messy-APP-003351,review-clean4-messy-CAND-00698,2026-09-27,2026-10-02,Done,Found other offer,False
review-clean4-messy-ONB-000076,review-clean4-messy-OFF-000223,review-clean4-messy-APP-003356,review-clean4-messy-CAND-01473,2026-10-04,,Done,Found other offer,true
review-clean4-messy-ONB-000077,review-clean4-messy-OFF-000229,review-clean4-messy-APP-003443,review-clean4-messy-CAND-01572,09/20/2026,09/24/2026,Postponed,Found other offer,false
review-clean4-messy-ONB-000078,review-clean4-messy-OFF-000230,review-clean4-messy-APP-003455,review-clean4-messy-CAND-02591,2026-07-13,,Cancelled,,true
review-clean4-messy-ONB-000079,review-clean4-messy-OFF-000233,review-clean4-messy-APP-003482,review-clean4-messy-CAND-03368,07/26/2026,2026-07-24,No Show,,False
review-clean4-messy-ONB-000080,review-clean4-messy-OFF-000234,review-clean4-messy-APP-003488,review-clean4-messy-CAND-00885,2026-09-08,,No Show,,False
review-clean4-messy-ONB-000081,review-clean4-messy-OFF-000235,review-clean4-messy-APP-003517,review-clean4-messy-CAND-00031,09/27/2026,,Cancelled,Personal reasons,false
review-clean4-messy-ONB-000082,review-clean4-messy-OFF-000238,review-clean4-messy-APP-003580,review-clean4-messy-CAND-02413,2026-08-08,,Cancelled,Personal reasons,YES
review-clean4-messy-ONB-000083,review-clean4-messy-OFF-000239,review-clean4-messy-APP-003586,review-clean4-messy-CAND-01611,10/16/2026,,Postponed,Found other offer,false
review-clean4-messy-ONB-000084,review-clean4-messy-OFF-000241,review-clean4-messy-APP-003620,review-clean4-messy-CAND-00522,2026-09-27,2026-09-25,Joined,,False
review-clean4-messy-ONB-000085,review-clean4-messy-OFF-000242,review-clean4-messy-APP-003639,review-clean4-messy-CAND-03890,2026-08-30,08/29/2026,Cancelled,,False
review-clean4-messy-ONB-000086,review-clean4-messy-OFF-000243,review-clean4-messy-APP-003660,review-clean4-messy-CAND-00547,2026-09-23,,joined,,True
review-clean4-messy-ONB-000087,review-clean4-messy-OFF-000244,review-clean4-messy-APP-003678,review-clean4-messy-CAND-01322,2026-09-30,2026-10-04,No hire,,true
review-clean4-messy-ONB-000088,review-clean4-messy-OFF-000247,review-clean4-messy-APP-003716,review-clean4-messy-CAND-03184,2026-09-09,09/11/2026,Rejected,Personal reasons,No
review-clean4-messy-ONB-000089,review-clean4-messy-OFF-000248,review-clean4-messy-APP-003728,review-clean4-messy-CAND-01655,08/01/2026,2026-07-31,No Show,,False
review-clean4-messy-ONB-000090,review-clean4-messy-OFF-000249,review-clean4-messy-APP-003735,review-clean4-messy-CAND-02364,2026-07-13,,Joined,,No
review-clean4-messy-ONB-000091,review-clean4-messy-OFF-000251,review-clean4-messy-APP-003751,review-clean4-messy-CAND-01619,08/12/2026,08/16/2026,Postponed,,False
review-clean4-messy-ONB-000092,review-clean4-messy-OFF-000254,review-clean4-messy-APP-003838,review-clean4-messy-CAND-02917,2026-09-26,,Postponed,,False
review-clean4-messy-ONB-000093,review-clean4-messy-OFF-000257,review-clean4-messy-APP-003961,review-clean4-messy-CAND-01008,2026-07-20,2026-07-24,Offer accepted,,True
review-clean4-messy-ONB-000094,review-clean4-messy-OFF-000258,review-clean4-messy-APP-003963,review-clean4-messy-CAND-01321,2026-09-05,09/06/2026,Cancelled,,True
review-clean4-messy-ONB-000095,review-clean4-messy-OFF-000266,review-clean4-messy-APP-004109,review-clean4-messy-CAND-03493,2026-08-11,,Cancelled,,YES
review-clean4-messy-ONB-000096,review-clean4-messy-OFF-000267,review-clean4-messy-APP-004112,review-clean4-messy-CAND-02511,2026-07-30,08/04/2026,Postponed,,True
review-clean4-messy-ONB-000097,review-clean4-messy-OFF-000268,review-clean4-messy-APP-004116,review-clean4-messy-CAND-00424,07/11/2026,,Cancelled,Found other offer,True
review-clean4-messy-ONB-000098,review-clean4-messy-OFF-000269,review-clean4-messy-APP-004117,review-clean4-messy-CAND-02206,2026-08-18,08/17/2026,Joined,,False
review-clean4-messy-ONB-000099,review-clean4-messy-OFF-000270,review-clean4-messy-APP-004150,review-clean4-messy-CAND-00555,10/09/2026,2026-10-12,Rejected,,True
review-clean4-messy-ONB-000100,review-clean4-messy-OFF-000271,review-clean4-messy-APP-004171,review-clean4-messy-CAND-00321,2026-08-22,08/25/2026,cancelled,,True
review-clean4-messy-ONB-000101,review-clean4-messy-OFF-000272,review-clean4-messy-APP-004191,review-clean4-messy-CAND-03240,2026-09-30,,No Show,,True
review-clean4-messy-ONB-000102,review-clean4-messy-OFF-000273,review-clean4-messy-APP-004204,review-clean4-messy-CAND-03298,2026-08-18,2026-08-22,Offer accepted,Personal reasons,False
review-clean4-messy-ONB-000103,review-clean4-messy-OFF-000274,review-clean4-messy-APP-004216,review-clean4-messy-CAND-03640,2026-09-12,,No Show,,True
review-clean4-messy-ONB-000104,review-clean4-messy-OFF-000275,review-clean4-messy-APP-004222,review-clean4-messy-CAND-02431,2026-08-14,2026-08-17,Done,,True
review-clean4-messy-ONB-000105,review-clean4-messy-OFF-000281,review-clean4-messy-APP-004312,review-clean4-messy-CAND-00266,2026-08-10,2026-08-10,Postponed,,False
review-clean4-messy-ONB-000106,review-clean4-messy-OFF-000284,review-clean4-messy-APP-004324,review-clean4-messy-CAND-03131,07/15/2026,2026-07-13,No Show,,True
review-clean4-messy-ONB-000107,review-clean4-messy-OFF-000289,review-clean4-messy-APP-004431,review-clean4-messy-CAND-03639,2026-09-26,,Cancelled,Found other offer,True
review-clean4-messy-ONB-000108,review-clean4-messy-OFF-000291,review-clean4-messy-APP-004481,review-clean4-messy-CAND-00626,2026-09-08,,Joined,,false
review-clean4-messy-ONB-000109,review-clean4-messy-OFF-000292,review-clean4-messy-APP-004493,review-clean4-messy-CAND-04391,2026-08-09,2026-08-12,No Show,,YES
review-clean4-messy-ONB-000110,review-clean4-messy-OFF-000302,review-clean4-messy-APP-004632,review-clean4-messy-CAND-02722,2026-10-12,,No Show,Found other offer,True
review-clean4-messy-ONB-000111,review-clean4-messy-OFF-000303,review-clean4-messy-APP-004633,review-clean4-messy-CAND-01162,2026-09-21,09/24/2026,No Show,,No
review-clean4-messy-ONB-000112,review-clean4-messy-OFF-000306,review-clean4-messy-APP-004694,review-clean4-messy-CAND-01420,08/30/2026,,No hire,Found other offer,True
review-clean4-messy-ONB-000113,review-clean4-messy-OFF-000307,review-clean4-messy-APP-004698,review-clean4-messy-CAND-04541,2026-08-29,,No Show,,True
review-clean4-messy-ONB-000114,review-clean4-messy-OFF-000310,review-clean4-messy-APP-004780,review-clean4-messy-CAND-00528,2026-09-02,2026-09-03,Joined,Found other offer,false
review-clean4-messy-ONB-000115,review-clean4-messy-OFF-000312,review-clean4-messy-APP-004817,review-clean4-messy-CAND-02155,2026-08-29,09/03/2026,No Show,,False
review-clean4-messy-ONB-000116,review-clean4-messy-OFF-000313,review-clean4-messy-APP-004826,review-clean4-messy-CAND-02834,2026-09-03,2026-09-06,No Show,Found other offer,False
review-clean4-messy-ONB-000117,review-clean4-messy-OFF-000317,review-clean4-messy-APP-004886,review-clean4-messy-CAND-04987,2026-09-30,10/01/2026,Joined,,YES
review-clean4-messy-ONB-000118,review-clean4-messy-OFF-000318,review-clean4-messy-APP-004896,review-clean4-messy-CAND-02131,2026-09-17,09/17/2026,Rejected,Found other offer,True
review-clean4-messy-ONB-000119,review-clean4-messy-OFF-000321,review-clean4-messy-APP-004904,review-clean4-messy-CAND-02053,2026-08-10,2026-08-10,Postponed,Personal reasons,False
review-clean4-messy-ONB-000120,review-clean4-messy-OFF-000322,review-clean4-messy-APP-004920,review-clean4-messy-CAND-00407,2026-07-23,2026-07-21,Joined,,False
review-clean4-messy-ONB-000121,review-clean4-messy-OFF-000324,review-clean4-messy-APP-004963,review-clean4-messy-CAND-02965,2026-09-24,2026-09-26,Rejected,,No
review-clean4-messy-ONB-000122,review-clean4-messy-OFF-000337,review-clean4-messy-APP-005092,review-clean4-messy-CAND-01879,2026-08-06,2026-08-09,JOINED,,True
review-clean4-messy-ONB-000123,review-clean4-messy-OFF-000341,review-clean4-messy-APP-005142,review-clean4-messy-CAND-04004,2026-07-30,2026-08-04,No Show,,false
review-clean4-messy-ONB-000124,review-clean4-messy-OFF-000342,review-clean4-messy-APP-005157,review-clean4-messy-CAND-03568,2026-10-13,2026-10-16,Cancelled,Found other offer,True
review-clean4-messy-ONB-000125,review-clean4-messy-OFF-000344,review-clean4-messy-APP-005194,review-clean4-messy-CAND-03896,2026-08-29,2026-08-30,Joined,,False
review-clean4-messy-ONB-000126,review-clean4-messy-OFF-000345,review-clean4-messy-APP-005202,review-clean4-messy-CAND-04277,2026-08-05,,No hire,Found other offer,True
review-clean4-messy-ONB-000127,review-clean4-messy-OFF-000347,review-clean4-messy-APP-005237,review-clean4-messy-CAND-00137,2026-07-21,2026-07-26,Joined,,False
review-clean4-messy-ONB-000128,review-clean4-messy-OFF-000348,review-clean4-messy-APP-005255,review-clean4-messy-CAND-00165,07/26/2026,2026-07-25,No Show,,False
review-clean4-messy-ONB-000129,review-clean4-messy-OFF-000350,review-clean4-messy-APP-005261,review-clean4-messy-CAND-03108,2026-08-18,,Postponed,,true
review-clean4-messy-ONB-000130,review-clean4-messy-OFF-000352,review-clean4-messy-APP-005310,review-clean4-messy-CAND-01355,2026-09-29,2026-09-30,Postponed,Found other offer,False
review-clean4-messy-ONB-000131,review-clean4-messy-OFF-000354,review-clean4-messy-APP-005360,review-clean4-messy-CAND-04835,2026-08-17,,Postponed,,YES
review-clean4-messy-ONB-000132,review-clean4-messy-OFF-000359,review-clean4-messy-APP-005456,review-clean4-messy-CAND-02048,2026-08-30,09/03/2026,Joined,,YES
review-clean4-messy-ONB-000133,review-clean4-messy-OFF-000362,review-clean4-messy-APP-005514,review-clean4-messy-CAND-01396,2026-08-05,2026-08-09,Cancelled,,False
review-clean4-messy-ONB-000134,review-clean4-messy-OFF-000363,review-clean4-messy-APP-005522,review-clean4-messy-CAND-02534,09/02/2026,2026-09-05,Postponed,,False
review-clean4-messy-ONB-000135,review-clean4-messy-OFF-000366,review-clean4-messy-APP-005539,review-clean4-messy-CAND-02008,2026-08-10,2026-08-13,Joined,,YES
review-clean4-messy-ONB-000136,review-clean4-messy-OFF-000368,review-clean4-messy-APP-005545,review-clean4-messy-CAND-00499,08/08/2026,2026-08-12,Joined,Found other offer,YES
review-clean4-messy-ONB-000137,review-clean4-messy-OFF-000370,review-clean4-messy-APP-005586,review-clean4-messy-CAND-03882,2026-08-23,2026-08-24,Cancelled,,True
review-clean4-messy-ONB-000138,review-clean4-messy-OFF-000371,review-clean4-messy-APP-005589,review-clean4-messy-CAND-03867,2026-10-08,2026-10-13,Done,,True
review-clean4-messy-ONB-000139,review-clean4-messy-OFF-000375,review-clean4-messy-APP-005639,review-clean4-messy-CAND-04031,2026-09-05,2026-09-06,Joined,,True
review-clean4-messy-ONB-000140,review-clean4-messy-OFF-000377,review-clean4-messy-APP-005648,review-clean4-messy-CAND-03816,09/22/2026,,No Show,Personal reasons,No
review-clean4-messy-ONB-000141,review-clean4-messy-OFF-000379,review-clean4-messy-APP-005675,review-clean4-messy-CAND-00209,2026-08-02,2026-08-05,Cancelled,,False
review-clean4-messy-ONB-000142,review-clean4-messy-OFF-000387,review-clean4-messy-APP-005757,review-clean4-messy-CAND-02994,08/04/2026,2026-08-04,Joined,Found other offer,True
review-clean4-messy-ONB-000143,review-clean4-messy-OFF-000388,review-clean4-messy-APP-005758,review-clean4-messy-CAND-00209,2026-08-27,2026-08-31,JOINED,,false
review-clean4-messy-ONB-000144,review-clean4-messy-OFF-000391,review-clean4-messy-APP-005779,review-clean4-messy-CAND-02281,2026-08-07,2026-08-10,Postponed,Found other offer,False
review-clean4-messy-ONB-000145,review-clean4-messy-OFF-000392,review-clean4-messy-APP-005831,review-clean4-messy-CAND-00808,09/01/2026,2026-09-03,Cancelled,,True
review-clean4-messy-ONB-000146,review-clean4-messy-OFF-000393,review-clean4-messy-APP-005852,review-clean4-messy-CAND-04095,2026-09-21,2026-09-26,Cancelled,,False
review-clean4-messy-ONB-000147,review-clean4-messy-OFF-000394,review-clean4-messy-APP-005869,review-clean4-messy-CAND-00623,08/13/2026,2026-08-17,Joined,,True
review-clean4-messy-ONB-000148,review-clean4-messy-OFF-000398,review-clean4-messy-APP-005901,review-clean4-messy-CAND-04386,09/05/2026,2026-09-03,No Show,,True
review-clean4-messy-ONB-000149,review-clean4-messy-OFF-000399,review-clean4-messy-APP-005911,review-clean4-messy-CAND-02848,08/03/2026,2026-08-03,No Show,,true
review-clean4-messy-ONB-000150,review-clean4-messy-OFF-000400,review-clean4-messy-APP-005939,review-clean4-messy-CAND-04094,2026-09-11,2026-09-15,No Show, Found other offer ,True
review-clean4-messy-ONB-000151,review-clean4-messy-OFF-000401,review-clean4-messy-APP-005980,review-clean4-messy-CAND-04358,2026-08-22,2026-08-25,Postponed,,True
review-clean4-messy-ONB-000152,review-clean4-messy-OFF-000402,review-clean4-messy-APP-005993,review-clean4-messy-CAND-02516,2026-09-01,2026-09-05,No Show,Found other offer,False
review-clean4-messy-ONB-000153,review-clean4-messy-OFF-000404,review-clean4-messy-APP-006075,review-clean4-messy-CAND-01947,2026-08-03,2026-08-08,Joined,,True
review-clean4-messy-ONB-000154,review-clean4-messy-OFF-000405,review-clean4-messy-APP-006091,review-clean4-messy-CAND-03798,09/17/2026,2026-09-16,Joined,,False
review-clean4-messy-ONB-000155,review-clean4-messy-OFF-000407,review-clean4-messy-APP-006094,review-clean4-messy-CAND-01687,2026-09-29,2026-10-01,Cancelled,,True
review-clean4-messy-ONB-000156,review-clean4-messy-OFF-000413,review-clean4-messy-APP-006229,review-clean4-messy-CAND-03705,2026-10-10,,Joined,Personal reasons,No
review-clean4-messy-ONB-000157,review-clean4-messy-OFF-000414,review-clean4-messy-APP-006238,review-clean4-messy-CAND-01228,2026-08-05,,No hire,,True
review-clean4-messy-ONB-000158,review-clean4-messy-OFF-000420,review-clean4-messy-APP-006278,review-clean4-messy-CAND-03881,09/12/2026,09/13/2026,joined,,False
review-clean4-messy-ONB-000159,review-clean4-messy-OFF-000421,review-clean4-messy-APP-006289,review-clean4-messy-CAND-03466,08/14/2026,,Joined,,false
review-clean4-messy-ONB-000160,review-clean4-messy-OFF-000424,review-clean4-messy-APP-006299,review-clean4-messy-CAND-03736,2026-08-16,,Postponed,,True
review-clean4-messy-ONB-000161,review-clean4-messy-OFF-000430,review-clean4-messy-APP-006351,review-clean4-messy-CAND-04193,2026-08-05,2026-08-10,Joined,,No
review-clean4-messy-ONB-000162,review-clean4-messy-OFF-000431,review-clean4-messy-APP-006366,review-clean4-messy-CAND-01354,2026-08-24,2026-08-22,Cancelled,Personal reasons,true
review-clean4-messy-ONB-000163,review-clean4-messy-OFF-000433,review-clean4-messy-APP-006422,review-clean4-messy-CAND-02814,2026-08-13,,Joined,,YES
review-clean4-messy-ONB-000164,review-clean4-messy-OFF-000434,review-clean4-messy-APP-006461,review-clean4-messy-CAND-02096,2026-07-23,2026-07-27,Cancelled,,False
review-clean4-messy-ONB-000165,review-clean4-messy-OFF-000435,review-clean4-messy-APP-006465,review-clean4-messy-CAND-04017,2026-09-01,08/31/2026,No Show,,YES
review-clean4-messy-ONB-000166,review-clean4-messy-OFF-000440,review-clean4-messy-APP-006523,review-clean4-messy-CAND-00073,2026-10-11,2026-10-11,Cancelled,Found other offer,True
review-clean4-messy-ONB-000167,review-clean4-messy-OFF-000443,review-clean4-messy-APP-006565,review-clean4-messy-CAND-01867,2026-08-30,2026-09-01,Offer accepted,,True
review-clean4-messy-ONB-000168,review-clean4-messy-OFF-000447,review-clean4-messy-APP-006611,review-clean4-messy-CAND-01243,2026-08-02,2026-08-05,Joined,,True
review-clean4-messy-ONB-000169,review-clean4-messy-OFF-000452,review-clean4-messy-APP-006748,review-clean4-messy-CAND-01594,2026-09-16,2026-09-15,No Show,,True
review-clean4-messy-ONB-000170,review-clean4-messy-OFF-000456,review-clean4-messy-APP-006818,review-clean4-messy-CAND-03286,2026-09-14,2026-09-17,Joined,,True
review-clean4-messy-ONB-000171,review-clean4-messy-OFF-000462,review-clean4-messy-APP-007007,review-clean4-messy-CAND-01196,2026-10-07,10/11/2026,Cancelled,,False
review-clean4-messy-ONB-000172,review-clean4-messy-OFF-000463,review-clean4-messy-APP-007014,review-clean4-messy-CAND-04295,09/26/2026,2026-09-29,Cancelled,Found other offer,False
review-clean4-messy-ONB-000173,review-clean4-messy-OFF-000464,review-clean4-messy-APP-007021,review-clean4-messy-CAND-01838,2026-08-27,2026-08-31,Joined,,true
review-clean4-messy-ONB-000174,review-clean4-messy-OFF-000472,review-clean4-messy-APP-007086,review-clean4-messy-CAND-01605,09/26/2026,,Joined,,False
review-clean4-messy-ONB-000175,review-clean4-messy-OFF-000473,review-clean4-messy-APP-007115,review-clean4-messy-CAND-04763,2026-09-10,2026-09-13,Postponed,,No
review-clean4-messy-ONB-000176,review-clean4-messy-OFF-000474,review-clean4-messy-APP-007146,review-clean4-messy-CAND-03044,2026-09-15,2026-09-13,Postponed,,True
review-clean4-messy-ONB-000177,review-clean4-messy-OFF-000477,review-clean4-messy-APP-007153,review-clean4-messy-CAND-04919,2026-08-12,2026-08-17,No Show,Personal reasons,YES
review-clean4-messy-ONB-000178,review-clean4-messy-OFF-000484,review-clean4-messy-APP-007240,review-clean4-messy-CAND-00630,08/20/2026,08/24/2026,Cancelled,,True
review-clean4-messy-ONB-000179,review-clean4-messy-OFF-000485,review-clean4-messy-APP-007254,review-clean4-messy-CAND-02324,2026-08-20,,joined,Found other offer,False
review-clean4-messy-ONB-000180,review-clean4-messy-OFF-000488,review-clean4-messy-APP-007351,review-clean4-messy-CAND-04639,2026-08-29,,Done,Found other offer,True
review-clean4-messy-ONB-000181,review-clean4-messy-OFF-000495,review-clean4-messy-APP-007424,review-clean4-messy-CAND-02647,2026-07-20,2026-07-20,Joined,Found other offer,No
review-clean4-messy-ONB-000182,review-clean4-messy-OFF-000497,review-clean4-messy-APP-007451,review-clean4-messy-CAND-00975,09/16/2026,09/15/2026,Joined,Found other offer,False
review-clean4-messy-ONB-000183,review-clean4-messy-OFF-000501,review-clean4-messy-APP-007502,review-clean4-messy-CAND-02623,2026-09-18,2026-09-18,Cancelled,,No
review-clean4-messy-ONB-000184,review-clean4-messy-OFF-000502,review-clean4-messy-APP-007513,review-clean4-messy-CAND-04663,10/02/2026,,Cancelled,,True
review-clean4-messy-ONB-000185,review-clean4-messy-OFF-000505,review-clean4-messy-APP-007549,review-clean4-messy-CAND-04197,2026-10-06,,Joined,,False
review-clean4-messy-ONB-000186,review-clean4-messy-OFF-000506,review-clean4-messy-APP-007552,review-clean4-messy-CAND-01351,2026-07-30,07/30/2026,CANCELLED,,True
review-clean4-messy-ONB-000187,review-clean4-messy-OFF-000507,review-clean4-messy-APP-007564,review-clean4-messy-CAND-04297,2026-10-10,,Joined,,True
review-clean4-messy-ONB-000188,review-clean4-messy-OFF-000512,review-clean4-messy-APP-007595,review-clean4-messy-CAND-00323,2026-08-10,2026-08-12,No Show,,True
review-clean4-messy-ONB-000189,review-clean4-messy-OFF-000513,review-clean4-messy-APP-007616,review-clean4-messy-CAND-02359,2026-09-01,2026-08-30,Joined,Found other offer,True
review-clean4-messy-ONB-000190,review-clean4-messy-OFF-000514,review-clean4-messy-APP-007632,review-clean4-messy-CAND-01450,2026-08-28,2026-08-31,No Show,,True
review-clean4-messy-ONB-000191,review-clean4-messy-OFF-000520,review-clean4-messy-APP-007672,review-clean4-messy-CAND-04945,09/10/2026,,No Show,Found other offer,False
review-clean4-messy-ONB-000192,review-clean4-messy-OFF-000523,review-clean4-messy-APP-007709,review-clean4-messy-CAND-01629,2026-08-31,,Cancelled,,false
review-clean4-messy-ONB-000193,review-clean4-messy-OFF-000526,review-clean4-messy-APP-007735,review-clean4-messy-CAND-01466,2026-08-18,2026-08-16,Joined,,False
review-clean4-messy-ONB-000194,review-clean4-messy-OFF-000527,review-clean4-messy-APP-007769,review-clean4-messy-CAND-01870,2026-10-11,2026-10-10,Joined,,False
review-clean4-messy-ONB-000195,review-clean4-messy-OFF-000528,review-clean4-messy-APP-007789,review-clean4-messy-CAND-01698,2026-08-31,2026-09-03,Postponed,Found other offer,False
review-clean4-messy-ONB-000196,review-clean4-messy-OFF-000531,review-clean4-messy-APP-007839,review-clean4-messy-CAND-00539,2026-09-20,2026-09-20,Joined,,No
review-clean4-messy-ONB-000197,review-clean4-messy-OFF-000533,review-clean4-messy-APP-007867,review-clean4-messy-CAND-01406,10/04/2026,2026-10-07,No Show,,false
review-clean4-messy-ONB-000198,review-clean4-messy-OFF-000534,review-clean4-messy-APP-007882,review-clean4-messy-CAND-01133,2026-08-10,2026-08-12,Joined,Found other offer,No
review-clean4-messy-ONB-000199,review-clean4-messy-OFF-000536,review-clean4-messy-APP-007896,review-clean4-messy-CAND-00689,2026-08-04,08/07/2026,No Show,,False
review-clean4-messy-ONB-000200,review-clean4-messy-OFF-000538,review-clean4-messy-APP-007926,review-clean4-messy-CAND-02770,2026-08-31,08/31/2026,Joined,Personal reasons,false
review-clean4-messy-ONB-000201,review-clean4-messy-OFF-000540,review-clean4-messy-APP-007961,review-clean4-messy-CAND-03967,2026-09-24,2026-09-22,Offer accepted,,True
review-clean4-messy-ONB-000202,review-clean4-messy-OFF-000543,review-clean4-messy-APP-007999,review-clean4-messy-CAND-00403,2026-07-13,,Joined,Personal reasons,True
review-clean4-messy-ONB-000203,review-clean4-messy-OFF-000544,review-clean4-messy-APP-008013,review-clean4-messy-CAND-02613,2026-09-02,2026-09-06,No Show,,false
review-clean4-messy-ONB-000204,review-clean4-messy-OFF-000546,review-clean4-messy-APP-008025,review-clean4-messy-CAND-03486,2026-09-10,2026-09-12,Joined,,False
review-clean4-messy-ONB-000205,review-clean4-messy-OFF-000554,review-clean4-messy-APP-008222,review-clean4-messy-CAND-03055,2026-08-28,2026-08-30,Cancelled,Found other offer,YES
review-clean4-messy-ONB-000206,review-clean4-messy-OFF-000556,review-clean4-messy-APP-008232,review-clean4-messy-CAND-01731,2026-07-31,,No Show,,False
review-clean4-messy-ONB-000207,review-clean4-messy-OFF-000557,review-clean4-messy-APP-008244,review-clean4-messy-CAND-00483,2026-09-30,2026-10-02,No Show,,true
review-clean4-messy-ONB-000208,review-clean4-messy-OFF-000563,review-clean4-messy-APP-008355,review-clean4-messy-CAND-03989,08/11/2026,2026-08-09,Joined,,False
review-clean4-messy-ONB-000209,review-clean4-messy-OFF-000564,review-clean4-messy-APP-008373,review-clean4-messy-CAND-00598,07/14/2026,2026-07-16,No Show,,True
review-clean4-messy-ONB-000210,review-clean4-messy-OFF-000565,review-clean4-messy-APP-008379,review-clean4-messy-CAND-01531,2026-08-10,2026-08-10,Done,,No
review-clean4-messy-ONB-000211,review-clean4-messy-OFF-000567,review-clean4-messy-APP-008454,review-clean4-messy-CAND-01223,08/06/2026,08/08/2026,No Show,,True
review-clean4-messy-ONB-000212,review-clean4-messy-OFF-000568,review-clean4-messy-APP-008468,review-clean4-messy-CAND-01838,08/05/2026,2026-08-03,No hire,,YES
review-clean4-messy-ONB-000213,review-clean4-messy-OFF-000569,review-clean4-messy-APP-008473,review-clean4-messy-CAND-00335,09/01/2026,2026-09-05,Offer accepted,Found other offer,True
review-clean4-messy-ONB-000214,review-clean4-messy-OFF-000571,review-clean4-messy-APP-008517,review-clean4-messy-CAND-02160,2026-09-02,,Joined,,YES
review-clean4-messy-ONB-000215,review-clean4-messy-OFF-000572,review-clean4-messy-APP-008545,review-clean4-messy-CAND-00182,2026-09-27,2026-10-02,No hire,,True
review-clean4-messy-ONB-000216,review-clean4-messy-OFF-000573,review-clean4-messy-APP-008563,review-clean4-messy-CAND-00458,2026-09-23,2026-09-22,No Show,,False
review-clean4-messy-ONB-000217,review-clean4-messy-OFF-000581,review-clean4-messy-APP-008687,review-clean4-messy-CAND-00005,2026-08-12,,Joined,,False
review-clean4-messy-ONB-000218,review-clean4-messy-OFF-000586,review-clean4-messy-APP-008794,review-clean4-messy-CAND-03126,2026-08-29,2026-08-27,Joined,,false
review-clean4-messy-ONB-000219,review-clean4-messy-OFF-000588,review-clean4-messy-APP-008817,review-clean4-messy-CAND-01291,2026-08-10,,Joined,,False
review-clean4-messy-ONB-000220,review-clean4-messy-OFF-000589,review-clean4-messy-APP-008822,review-clean4-messy-CAND-00883,2026-09-21,2026-09-19,Joined,,False
review-clean4-messy-ONB-000221,review-clean4-messy-OFF-000590,review-clean4-messy-APP-008888,review-clean4-messy-CAND-01208,07/19/2026,2026-07-20,No Show,,True
review-clean4-messy-ONB-000222,review-clean4-messy-OFF-000591,review-clean4-messy-APP-008894,review-clean4-messy-CAND-04350,2026-09-14,2026-09-17,Cancelled,,No
review-clean4-messy-ONB-000223,review-clean4-messy-OFF-000597,review-clean4-messy-APP-008951,review-clean4-messy-CAND-01412,2026-09-10,,No Show,Found other offer,False
review-clean4-messy-ONB-000224,review-clean4-messy-OFF-000599,review-clean4-messy-APP-009003,review-clean4-messy-CAND-01632,08/06/2026,2026-08-08,Joined,,False
review-clean4-messy-ONB-000225,review-clean4-messy-OFF-000601,review-clean4-messy-APP-009028,review-clean4-messy-CAND-03339,2026-08-06,2026-08-08,Joined,,False
review-clean4-messy-ONB-000226,review-clean4-messy-OFF-000610,review-clean4-messy-APP-009198,review-clean4-messy-CAND-02371,2026-07-31,2026-08-01,Joined,,False
review-clean4-messy-ONB-000227,review-clean4-messy-OFF-000611,review-clean4-messy-APP-009216,review-clean4-messy-CAND-01002,2026-07-22,,Cancelled,,False
review-clean4-messy-ONB-000228,review-clean4-messy-OFF-000617,review-clean4-messy-APP-009291,review-clean4-messy-CAND-02609,2026-10-04,,Joined,,True
review-clean4-messy-ONB-000229,review-clean4-messy-OFF-000621,review-clean4-messy-APP-009321,review-clean4-messy-CAND-02739,2026-08-21,2026-08-26,Joined,,False
review-clean4-messy-ONB-000230,review-clean4-messy-OFF-000622,review-clean4-messy-APP-009324,review-clean4-messy-CAND-02926,2026-08-20,,Postponed,,YES
review-clean4-messy-ONB-000231,review-clean4-messy-OFF-000625,review-clean4-messy-APP-009355,review-clean4-messy-CAND-04712,2026-07-21,2026-07-26,Rejected,,True
review-clean4-messy-ONB-000232,review-clean4-messy-OFF-000632,review-clean4-messy-APP-009479,review-clean4-messy-CAND-04428,2026-07-23,,Postponed,,False
review-clean4-messy-ONB-000233,review-clean4-messy-OFF-000633,review-clean4-messy-APP-009489,review-clean4-messy-CAND-01891,09/17/2026,,Postponed,,False
review-clean4-messy-ONB-000234,review-clean4-messy-OFF-000636,review-clean4-messy-APP-009530,review-clean4-messy-CAND-00367,2026-08-11,2026-08-11,Postponed,,False
review-clean4-messy-ONB-000235,review-clean4-messy-OFF-000637,review-clean4-messy-APP-009552,review-clean4-messy-CAND-02276,08/14/2026,2026-08-17,NO SHOW,,True
review-clean4-messy-ONB-000236,review-clean4-messy-OFF-000640,review-clean4-messy-APP-009615,review-clean4-messy-CAND-01034,2026-10-11,,Cancelled,Found other offer,True
review-clean4-messy-ONB-000237,review-clean4-messy-OFF-000646,review-clean4-messy-APP-009707,review-clean4-messy-CAND-04881,09/23/2026,,Offer accepted,,No
review-clean4-messy-ONB-000238,review-clean4-messy-OFF-000647,review-clean4-messy-APP-009726,review-clean4-messy-CAND-03735,2026-08-07,,Joined,Found other offer,No
review-clean4-messy-ONB-000239,review-clean4-messy-OFF-000659,review-clean4-messy-APP-009871,review-clean4-messy-CAND-01625,2026-08-01,07/30/2026,Offer accepted,Found other offer,True
review-clean4-messy-ONB-000240,review-clean4-messy-OFF-000661,review-clean4-messy-APP-009881,review-clean4-messy-CAND-02664,2026-10-18,2026-10-18,No Show,,True
review-clean4-messy-ONB-000241,review-clean4-messy-OFF-000669,review-clean4-messy-APP-010052,review-clean4-messy-CAND-02900,2026-08-11,,No Show,,No
review-clean4-messy-ONB-000242,review-clean4-messy-OFF-000670,review-clean4-messy-APP-010053,review-clean4-messy-CAND-04690,2026-08-22,08/21/2026,Joined,Personal reasons,No
review-clean4-messy-ONB-000243,review-clean4-messy-OFF-000672,review-clean4-messy-APP-010064,review-clean4-messy-CAND-02262,2026-10-10,2026-10-10,POSTPONED,,True
review-clean4-messy-ONB-000244,review-clean4-messy-OFF-000674,review-clean4-messy-APP-010098,review-clean4-messy-CAND-00100,09/17/2026,2026-09-22,No hire,,True
review-clean4-messy-ONB-000245,review-clean4-messy-OFF-000675,review-clean4-messy-APP-010140,review-clean4-messy-CAND-00183,2026-08-06,2026-08-05,Joined,,false
review-clean4-messy-ONB-000246,review-clean4-messy-OFF-000680,review-clean4-messy-APP-010200,review-clean4-messy-CAND-04414,2026-10-08,,No Show,,YES
review-clean4-messy-ONB-000247,review-clean4-messy-OFF-000682,review-clean4-messy-APP-010222,review-clean4-messy-CAND-02425,2026-08-28,,Postponed,,False
review-clean4-messy-ONB-000248,review-clean4-messy-OFF-000686,review-clean4-messy-APP-010284,review-clean4-messy-CAND-01427,2026-09-09,2026-09-12,Joined,,True
review-clean4-messy-ONB-000249,review-clean4-messy-OFF-000696,review-clean4-messy-APP-010464,review-clean4-messy-CAND-00604,10/03/2026,10/06/2026,Joined,,True
review-clean4-messy-ONB-000250,review-clean4-messy-OFF-000708,review-clean4-messy-APP-010711,review-clean4-messy-CAND-04378,2026-09-28,,Joined,,False
review-clean4-messy-ONB-000251,review-clean4-messy-OFF-000710,review-clean4-messy-APP-010725,review-clean4-messy-CAND-00567,2026-08-08,,No Show,Found other offer,False
review-clean4-messy-ONB-000252,review-clean4-messy-OFF-000711,review-clean4-messy-APP-010728,review-clean4-messy-CAND-04976,2026-08-19,2026-08-20,POSTPONED,,False
review-clean4-messy-ONB-000253,review-clean4-messy-OFF-000713,review-clean4-messy-APP-010732,review-clean4-messy-CAND-02202,2026-08-12,08/16/2026,Joined,,true
review-clean4-messy-ONB-000254,review-clean4-messy-OFF-000715,review-clean4-messy-APP-010771,review-clean4-messy-CAND-02954,07/23/2026,2026-07-25,No hire,Found other offer,True
review-clean4-messy-ONB-000255,review-clean4-messy-OFF-000717,review-clean4-messy-APP-010825,review-clean4-messy-CAND-00818,2026-08-15,,Joined,,False
review-clean4-messy-ONB-000256,review-clean4-messy-OFF-000719,review-clean4-messy-APP-010833,review-clean4-messy-CAND-00386,2026-09-12,,NO SHOW, Personal reasons ,True
review-clean4-messy-ONB-000257,review-clean4-messy-OFF-000721,review-clean4-messy-APP-010852,review-clean4-messy-CAND-02698,10/01/2026,2026-10-03,Postponed,Found other offer,True
review-clean4-messy-ONB-000258,review-clean4-messy-OFF-000723,review-clean4-messy-APP-010859,review-clean4-messy-CAND-02296,2026-09-22,,No Show,,True
review-clean4-messy-ONB-000259,review-clean4-messy-OFF-000728,review-clean4-messy-APP-010884,review-clean4-messy-CAND-01104,2026-09-19,2026-09-22,Offer accepted,,True
review-clean4-messy-ONB-000260,review-clean4-messy-OFF-000740,review-clean4-messy-APP-011057,review-clean4-messy-CAND-04993,2026-08-06,,Postponed,,True
review-clean4-messy-ONB-000261,review-clean4-messy-OFF-000741,review-clean4-messy-APP-011068,review-clean4-messy-CAND-03866,2026-07-20,,Cancelled,,True
review-clean4-messy-ONB-000262,review-clean4-messy-OFF-000744,review-clean4-messy-APP-011092,review-clean4-messy-CAND-01235,2026-08-18,2026-08-17,Cancelled,,True
review-clean4-messy-ONB-000263,review-clean4-messy-OFF-000748,review-clean4-messy-APP-011120,review-clean4-messy-CAND-00157,2026-07-22,2026-07-27,Cancelled,,No
review-clean4-messy-ONB-000264,review-clean4-messy-OFF-000749,review-clean4-messy-APP-011140,review-clean4-messy-CAND-04647,2026-07-22,2026-07-25,Postponed,,False
review-clean4-messy-ONB-000265,review-clean4-messy-OFF-000753,review-clean4-messy-APP-011254,review-clean4-messy-CAND-00043,2026-08-18,2026-08-18,Offer accepted,Personal reasons,False
review-clean4-messy-ONB-000266,review-clean4-messy-OFF-000755,review-clean4-messy-APP-011262,review-clean4-messy-CAND-00998,2026-07-24,2026-07-28,Rejected,,True
review-clean4-messy-ONB-000267,review-clean4-messy-OFF-000760,review-clean4-messy-APP-011362,review-clean4-messy-CAND-02640,2026-07-12,,Joined,,False
review-clean4-messy-ONB-000268,review-clean4-messy-OFF-000761,review-clean4-messy-APP-011380,review-clean4-messy-CAND-02908,07/27/2026,,POSTPONED,Found other offer,true
review-clean4-messy-ONB-000269,review-clean4-messy-OFF-000767,review-clean4-messy-APP-011443,review-clean4-messy-CAND-01578,2026-09-16,2026-09-19,Postponed,,False
review-clean4-messy-ONB-000270,review-clean4-messy-OFF-000769,review-clean4-messy-APP-011451,review-clean4-messy-CAND-04911,2026-08-26,,Done,,False
review-clean4-messy-ONB-000271,review-clean4-messy-OFF-000770,review-clean4-messy-APP-011480,review-clean4-messy-CAND-00178,08/07/2026,,Joined,,False
review-clean4-messy-ONB-000272,review-clean4-messy-OFF-000775,review-clean4-messy-APP-011584,review-clean4-messy-CAND-02727,2026-10-12,2026-10-15,Joined,,True
review-clean4-messy-ONB-000273,review-clean4-messy-OFF-000777,review-clean4-messy-APP-011623,review-clean4-messy-CAND-02397,09/19/2026,2026-09-23,No Show,,True
review-clean4-messy-ONB-000274,review-clean4-messy-OFF-000781,review-clean4-messy-APP-011643,review-clean4-messy-CAND-04975,2026-08-17,2026-08-18,Joined,,False
review-clean4-messy-ONB-000275,review-clean4-messy-OFF-000782,review-clean4-messy-APP-011654,review-clean4-messy-CAND-01998,09/10/2026,2026-09-11,Cancelled,,True
review-clean4-messy-ONB-000276,review-clean4-messy-OFF-000783,review-clean4-messy-APP-011657,review-clean4-messy-CAND-03918,07/18/2026,,Cancelled,,true
review-clean4-messy-ONB-000277,review-clean4-messy-OFF-000785,review-clean4-messy-APP-011687,review-clean4-messy-CAND-01164,09/08/2026,2026-09-08,Cancelled,,False
review-clean4-messy-ONB-000278,review-clean4-messy-OFF-000789,review-clean4-messy-APP-011724,review-clean4-messy-CAND-01987,10/23/2026,10/22/2026,Cancelled,,YES
review-clean4-messy-ONB-000279,review-clean4-messy-OFF-000796,review-clean4-messy-APP-011796,review-clean4-messy-CAND-00408,2026-09-05,2026-09-03,Postponed,,False
review-clean4-messy-ONB-000280,review-clean4-messy-OFF-000798,review-clean4-messy-APP-011816,review-clean4-messy-CAND-03470,2026-08-29,2026-09-03,Cancelled,,False
review-clean4-messy-ONB-000281,review-clean4-messy-OFF-000801,review-clean4-messy-APP-011894,review-clean4-messy-CAND-00336,09/21/2026,2026-09-25,postponed,,True
review-clean4-messy-ONB-000282,review-clean4-messy-OFF-000810,review-clean4-messy-APP-011942,review-clean4-messy-CAND-01514,08/23/2026,08/26/2026,Cancelled,,True
review-clean4-messy-ONB-000283,review-clean4-messy-OFF-000813,review-clean4-messy-APP-011993,review-clean4-messy-CAND-01198,2026-08-08,2026-08-12,No Show,,False
review-clean4-messy-ONB-000284,review-clean4-messy-OFF-000816,review-clean4-messy-APP-012021,review-clean4-messy-CAND-00817,2026-08-23,,Joined,,True
review-clean4-messy-ONB-000285,review-clean4-messy-OFF-000817,review-clean4-messy-APP-012029,review-clean4-messy-CAND-04335,2026-10-06,,Postponed,Personal reasons,True
review-clean4-messy-ONB-000286,review-clean4-messy-OFF-000821,review-clean4-messy-APP-012078,review-clean4-messy-CAND-01867,08/07/2026,,Postponed,,No
review-clean4-messy-ONB-000287,review-clean4-messy-OFF-000825,review-clean4-messy-APP-012138,review-clean4-messy-CAND-01339,2026-09-15,,Joined,,False
review-clean4-messy-ONB-000288,review-clean4-messy-OFF-000826,review-clean4-messy-APP-012149,review-clean4-messy-CAND-01510,08/13/2026,,Joined,Found other offer,True
review-clean4-messy-ONB-000289,review-clean4-messy-OFF-000831,review-clean4-messy-APP-012199,review-clean4-messy-CAND-00060,09/24/2026,,Joined,,True
review-clean4-messy-ONB-000290,review-clean4-messy-OFF-000832,review-clean4-messy-APP-012294,review-clean4-messy-CAND-02656,2026-10-10,,no show,,True
review-clean4-messy-ONB-000291,review-clean4-messy-OFF-000834,review-clean4-messy-APP-012302,review-clean4-messy-CAND-03864,2026-08-18,2026-08-16,Joined,,False
review-clean4-messy-ONB-000292,review-clean4-messy-OFF-000837,review-clean4-messy-APP-012330,review-clean4-messy-CAND-03461,2026-09-16,2026-09-15,Rejected,,True
review-clean4-messy-ONB-000293,review-clean4-messy-OFF-000839,review-clean4-messy-APP-012388,review-clean4-messy-CAND-04792,07/13/2026,07/18/2026,Cancelled,Found other offer,False
review-clean4-messy-ONB-000294,review-clean4-messy-OFF-000842,review-clean4-messy-APP-012450,review-clean4-messy-CAND-04935,2026-09-17,2026-09-17,No Show,Personal reasons,False
review-clean4-messy-ONB-000295,review-clean4-messy-OFF-000854,review-clean4-messy-APP-012620,review-clean4-messy-CAND-00986,2026-08-12,08/12/2026,Joined,,False
review-clean4-messy-ONB-000296,review-clean4-messy-OFF-000855,review-clean4-messy-APP-012632,review-clean4-messy-CAND-01505,2026-09-02,2026-08-31,Postponed,,true
review-clean4-messy-ONB-000297,review-clean4-messy-OFF-000860,review-clean4-messy-APP-012697,review-clean4-messy-CAND-02756,2026-09-10,2026-09-13,POSTPONED,,False
review-clean4-messy-ONB-000298,review-clean4-messy-OFF-000861,review-clean4-messy-APP-012716,review-clean4-messy-CAND-04864,2026-09-07,,No Show,Found other offer,False
review-clean4-messy-ONB-000299,review-clean4-messy-OFF-000864,review-clean4-messy-APP-012779,review-clean4-messy-CAND-03015,2026-07-16,2026-07-16,Cancelled,Personal reasons,False
review-clean4-messy-ONB-000300,review-clean4-messy-OFF-000865,review-clean4-messy-APP-012781,review-clean4-messy-CAND-04869,08/07/2026,,No Show,,True
review-clean4-messy-ONB-000301,review-clean4-messy-OFF-000869,review-clean4-messy-APP-012840,review-clean4-messy-CAND-01103,08/16/2026,2026-08-14,No Show,Found other offer,False
review-clean4-messy-ONB-000302,review-clean4-messy-OFF-000873,review-clean4-messy-APP-012862,review-clean4-messy-CAND-04229,2026-08-03,,No Show,,YES
review-clean4-messy-ONB-000303,review-clean4-messy-OFF-000874,review-clean4-messy-APP-012880,review-clean4-messy-CAND-03692,08/08/2026,2026-08-09,Joined,,True
review-clean4-messy-ONB-000304,review-clean4-messy-OFF-000877,review-clean4-messy-APP-012907,review-clean4-messy-CAND-02828,2026-09-30,2026-10-01,Cancelled,,True
review-clean4-messy-ONB-000305,review-clean4-messy-OFF-000879,review-clean4-messy-APP-012913,review-clean4-messy-CAND-04205,09/29/2026,,Joined,,True
review-clean4-messy-ONB-000306,review-clean4-messy-OFF-000880,review-clean4-messy-APP-012933,review-clean4-messy-CAND-03569,08/13/2026,2026-08-18,Cancelled,,True
review-clean4-messy-ONB-000307,review-clean4-messy-OFF-000882,review-clean4-messy-APP-012950,review-clean4-messy-CAND-00960,2026-08-15,,JOINED,,True
review-clean4-messy-ONB-000308,review-clean4-messy-OFF-000883,review-clean4-messy-APP-012951,review-clean4-messy-CAND-02822,2026-09-04,09/07/2026,Rejected,Found other offer,True
review-clean4-messy-ONB-000309,review-clean4-messy-OFF-000884,review-clean4-messy-APP-012955,review-clean4-messy-CAND-02949,08/28/2026,09/02/2026,Cancelled,,False
review-clean4-messy-ONB-000310,review-clean4-messy-OFF-000886,review-clean4-messy-APP-012965,review-clean4-messy-CAND-01243,2026-07-19,2026-07-21,No Show,,No
review-clean4-messy-ONB-000311,review-clean4-messy-OFF-000896,review-clean4-messy-APP-013095,review-clean4-messy-CAND-04797,2026-09-02,,Postponed,,True
review-clean4-messy-ONB-000312,review-clean4-messy-OFF-000898,review-clean4-messy-APP-013133,review-clean4-messy-CAND-00078,2026-09-06,2026-09-04,Joined,,True
review-clean4-messy-ONB-000313,review-clean4-messy-OFF-000899,review-clean4-messy-APP-013140,review-clean4-messy-CAND-00271,2026-10-10,,No Show,,False
review-clean4-messy-ONB-000314,review-clean4-messy-OFF-000900,review-clean4-messy-APP-013142,review-clean4-messy-CAND-04878,2026-09-19,2026-09-19,Joined,,True
review-clean4-messy-ONB-000315,review-clean4-messy-OFF-000902,review-clean4-messy-APP-013168,review-clean4-messy-CAND-01662,08/25/2026,,No Show,Found other offer,False
review-clean4-messy-ONB-000316,review-clean4-messy-OFF-000906,review-clean4-messy-APP-013217,review-clean4-messy-CAND-01248,2026-08-31,2026-09-02,Postponed,Found other offer,True
review-clean4-messy-ONB-000317,review-clean4-messy-OFF-000907,review-clean4-messy-APP-013228,review-clean4-messy-CAND-02862,2026-08-24,,Cancelled,,true
review-clean4-messy-ONB-000318,review-clean4-messy-OFF-000911,review-clean4-messy-APP-013320,review-clean4-messy-CAND-00472,2026-08-23,,Postponed,,True
review-clean4-messy-ONB-000319,review-clean4-messy-OFF-000914,review-clean4-messy-APP-013380,review-clean4-messy-CAND-02002,2026-10-09,10/09/2026,Postponed,,True
review-clean4-messy-ONB-000320,review-clean4-messy-OFF-000915,review-clean4-messy-APP-013427,review-clean4-messy-CAND-02176,2026-10-10,2026-10-11,Rejected,,True
review-clean4-messy-ONB-000321,review-clean4-messy-OFF-000921,review-clean4-messy-APP-013563,review-clean4-messy-CAND-03575,2026-09-19,2026-09-22,No hire,Found other offer,False
review-clean4-messy-ONB-000322,review-clean4-messy-OFF-000925,review-clean4-messy-APP-013597,review-clean4-messy-CAND-04996,09/12/2026,2026-09-12,Joined,Personal reasons,YES
review-clean4-messy-ONB-000323,review-clean4-messy-OFF-000926,review-clean4-messy-APP-013598,review-clean4-messy-CAND-02920,08/31/2026,,Joined,,No
review-clean4-messy-ONB-000324,review-clean4-messy-OFF-000928,review-clean4-messy-APP-013607,review-clean4-messy-CAND-00055,2026-09-28,2026-09-30,Cancelled,Personal reasons,False
review-clean4-messy-ONB-000325,review-clean4-messy-OFF-000929,review-clean4-messy-APP-013615,review-clean4-messy-CAND-00553,2026-09-12,,Joined,Found other offer,false
review-clean4-messy-ONB-000326,review-clean4-messy-OFF-000931,review-clean4-messy-APP-013631,review-clean4-messy-CAND-00263,2026-09-15,2026-09-17,No Show,,false
review-clean4-messy-ONB-000327,review-clean4-messy-OFF-000934,review-clean4-messy-APP-013660,review-clean4-messy-CAND-00391,2026-10-16,,Done,Found other offer,False
review-clean4-messy-ONB-000328,review-clean4-messy-OFF-000935,review-clean4-messy-APP-013667,review-clean4-messy-CAND-02250,2026-10-02,,Joined,,False
review-clean4-messy-ONB-000329,review-clean4-messy-OFF-000938,review-clean4-messy-APP-013705,review-clean4-messy-CAND-01926,2026-08-06,,Joined,Personal reasons,True
review-clean4-messy-ONB-000330,review-clean4-messy-OFF-000942,review-clean4-messy-APP-013811,review-clean4-messy-CAND-00022,08/20/2026,2026-08-20,No Show,,False
review-clean4-messy-ONB-000331,review-clean4-messy-OFF-000944,review-clean4-messy-APP-013827,review-clean4-messy-CAND-01277,2026-09-05,2026-09-06,Postponed,,False
review-clean4-messy-ONB-000332,review-clean4-messy-OFF-000947,review-clean4-messy-APP-013900,review-clean4-messy-CAND-03796,2026-09-17,09/20/2026,No Show,Personal reasons,False
review-clean4-messy-ONB-000333,review-clean4-messy-OFF-000950,review-clean4-messy-APP-013949,review-clean4-messy-CAND-03013,2026-09-15,,JOINED,Found other offer,True
review-clean4-messy-ONB-000334,review-clean4-messy-OFF-000953,review-clean4-messy-APP-013971,review-clean4-messy-CAND-03627,10/08/2026,,JOINED,,True
review-clean4-messy-ONB-000335,review-clean4-messy-OFF-000955,review-clean4-messy-APP-014010,review-clean4-messy-CAND-04344,2026-10-15,10/18/2026,Joined,Found other offer,false
review-clean4-messy-ONB-000336,review-clean4-messy-OFF-000963,review-clean4-messy-APP-014132,review-clean4-messy-CAND-01281,2026-08-27,2026-08-31,Joined,Found other offer,True
review-clean4-messy-ONB-000337,review-clean4-messy-OFF-000967,review-clean4-messy-APP-014213,review-clean4-messy-CAND-03476,08/11/2026,08/11/2026,Postponed,Found other offer,False
review-clean4-messy-ONB-000338,review-clean4-messy-OFF-000972,review-clean4-messy-APP-014285,review-clean4-messy-CAND-04044,10/17/2026,2026-10-16,Postponed,,False
review-clean4-messy-ONB-000339,review-clean4-messy-OFF-000975,review-clean4-messy-APP-014332,review-clean4-messy-CAND-04128,07/16/2026,2026-07-15,Joined,,False
review-clean4-messy-ONB-000340,review-clean4-messy-OFF-000979,review-clean4-messy-APP-014359,review-clean4-messy-CAND-01402,2026-09-05,2026-09-05,Joined,Personal reasons,No
review-clean4-messy-ONB-000341,review-clean4-messy-OFF-000983,review-clean4-messy-APP-014406,review-clean4-messy-CAND-00182,08/03/2026,2026-08-04,Cancelled,,True
review-clean4-messy-ONB-000342,review-clean4-messy-OFF-000984,review-clean4-messy-APP-014411,review-clean4-messy-CAND-03112,2026-10-04,10/05/2026,No Show,,True
review-clean4-messy-ONB-000343,review-clean4-messy-OFF-000986,review-clean4-messy-APP-014433,review-clean4-messy-CAND-01587,2026-08-01,08/03/2026,NO SHOW,,False
review-clean4-messy-ONB-000344,review-clean4-messy-OFF-000987,review-clean4-messy-APP-014437,review-clean4-messy-CAND-00571,2026-09-22,,Offer accepted,,False
review-clean4-messy-ONB-000345,review-clean4-messy-OFF-000988,review-clean4-messy-APP-014438,review-clean4-messy-CAND-02127,08/27/2026,08/31/2026,joined,,False
review-clean4-messy-ONB-000346,review-clean4-messy-OFF-000990,review-clean4-messy-APP-014451,review-clean4-messy-CAND-02698,2026-10-06,,Postponed,,True
review-clean4-messy-ONB-000347,review-clean4-messy-OFF-000993,review-clean4-messy-APP-014488,review-clean4-messy-CAND-00396,07/20/2026,07/20/2026,No Show,,False
review-clean4-messy-ONB-000348,review-clean4-messy-OFF-000994,review-clean4-messy-APP-014490,review-clean4-messy-CAND-03100,07/20/2026,2026-07-24,Joined,,False
review-clean4-messy-ONB-000349,review-clean4-messy-OFF-001003,review-clean4-messy-APP-014704,review-clean4-messy-CAND-02868,08/28/2026,,CANCELLED,,No
review-clean4-messy-ONB-000350,review-clean4-messy-OFF-001004,review-clean4-messy-APP-014713,review-clean4-messy-CAND-02718,2026-09-16,2026-09-21,Postponed,,True
review-clean4-messy-ONB-000351,review-clean4-messy-OFF-001005,review-clean4-messy-APP-014743,review-clean4-messy-CAND-04813,2026-08-23,2026-08-24,Joined,,True
review-clean4-messy-ONB-000352,review-clean4-messy-OFF-001009,review-clean4-messy-APP-014828,review-clean4-messy-CAND-00883,09/11/2026,,No Show,,True
review-clean4-messy-ONB-000353,review-clean4-messy-OFF-001011,review-clean4-messy-APP-014837,review-clean4-messy-CAND-04562,2026-09-11,,Joined,Found other offer,True
review-clean4-messy-ONB-000354,review-clean4-messy-OFF-001015,review-clean4-messy-APP-014900,review-clean4-messy-CAND-00068,2026-10-07,,Rejected,Found other offer,true
review-clean4-messy-ONB-000355,review-clean4-messy-OFF-001017,review-clean4-messy-APP-014957,review-clean4-messy-CAND-04473,2026-08-17,,Joined,,false
review-clean4-messy-ONB-000356,review-clean4-messy-OFF-001022,review-clean4-messy-APP-015022,review-clean4-messy-CAND-04760,2026-08-12,,Joined,Found other offer,False
review-clean4-messy-ONB-000357,review-clean4-messy-OFF-001025,review-clean4-messy-APP-015065,review-clean4-messy-CAND-01718,10/06/2026,2026-10-09,Done,,YES
review-clean4-messy-ONB-000358,review-clean4-messy-OFF-001028,review-clean4-messy-APP-015084,review-clean4-messy-CAND-00612,2026-07-09,07/08/2026,Cancelled,,False
review-clean4-messy-ONB-000359,review-clean4-messy-OFF-001034,review-clean4-messy-APP-015259,review-clean4-messy-CAND-01353,09/06/2026,,Joined,,False
review-clean4-messy-ONB-000360,review-clean4-messy-OFF-001040,review-clean4-messy-APP-015288,review-clean4-messy-CAND-00860,2026-07-18,2026-07-20,Joined,,False
review-clean4-messy-ONB-000361,review-clean4-messy-OFF-001041,review-clean4-messy-APP-015290,review-clean4-messy-CAND-01191,2026-08-01,,Rejected,,False
review-clean4-messy-ONB-000362,review-clean4-messy-OFF-001046,review-clean4-messy-APP-015452,review-clean4-messy-CAND-03047,2026-08-10,08/12/2026,Postponed,,False
review-clean4-messy-ONB-000363,review-clean4-messy-OFF-001047,review-clean4-messy-APP-015490,review-clean4-messy-CAND-04141,2026-08-04,08/09/2026,Joined,,True
review-clean4-messy-ONB-000364,review-clean4-messy-OFF-001048,review-clean4-messy-APP-015506,review-clean4-messy-CAND-00329,2026-08-23,2026-08-21,Joined,,True
review-clean4-messy-ONB-000365,review-clean4-messy-OFF-001049,review-clean4-messy-APP-015508,review-clean4-messy-CAND-01147,07/19/2026,,Joined,,true
review-clean4-messy-ONB-000366,review-clean4-messy-OFF-001051,review-clean4-messy-APP-015534,review-clean4-messy-CAND-00623,08/07/2026,2026-08-07,Rejected,,False
review-clean4-messy-ONB-000367,review-clean4-messy-OFF-001057,review-clean4-messy-APP-015613,review-clean4-messy-CAND-00532,2026-08-12,,No Show,,True
review-clean4-messy-ONB-000368,review-clean4-messy-OFF-001059,review-clean4-messy-APP-015665,review-clean4-messy-CAND-03113,09/24/2026,2026-09-27,Joined,,YES
review-clean4-messy-ONB-000369,review-clean4-messy-OFF-001060,review-clean4-messy-APP-015683,review-clean4-messy-CAND-04497,07/27/2026,2026-07-26,No Show,,True
review-clean4-messy-ONB-000370,review-clean4-messy-OFF-001061,review-clean4-messy-APP-015693,review-clean4-messy-CAND-03770,2026-08-11,2026-08-10,Joined,,True
review-clean4-messy-ONB-000371,review-clean4-messy-OFF-001063,review-clean4-messy-APP-015705,review-clean4-messy-CAND-02616,08/03/2026,2026-08-07,No Show,Found other offer,False
review-clean4-messy-ONB-000372,review-clean4-messy-OFF-001064,review-clean4-messy-APP-015718,review-clean4-messy-CAND-04390,2026-10-04,10/05/2026,Joined,,False
review-clean4-messy-ONB-000373,review-clean4-messy-OFF-001066,review-clean4-messy-APP-015756,review-clean4-messy-CAND-02418,07/18/2026,2026-07-23,NO SHOW,,No
review-clean4-messy-ONB-000374,review-clean4-messy-OFF-001069,review-clean4-messy-APP-015820,review-clean4-messy-CAND-01568,2026-10-03,2026-10-07,No Show,Found other offer,False
review-clean4-messy-ONB-000375,review-clean4-messy-OFF-001072,review-clean4-messy-APP-015889,review-clean4-messy-CAND-03273,2026-08-05,2026-08-03,Offer accepted,,False
review-clean4-messy-ONB-000376,review-clean4-messy-OFF-001078,review-clean4-messy-APP-015999,review-clean4-messy-CAND-00251,2026-07-10,07/15/2026,Cancelled,,YES
review-clean4-messy-ONB-000377,review-clean4-messy-OFF-001080,review-clean4-messy-APP-016019,review-clean4-messy-CAND-01616,2026-08-26,2026-08-25,No hire, Personal reasons ,False
review-clean4-messy-ONB-000378,review-clean4-messy-OFF-001081,review-clean4-messy-APP-016060,review-clean4-messy-CAND-03467,2026-08-08,,Joined,Found other offer,True
review-clean4-messy-ONB-000379,review-clean4-messy-OFF-001087,review-clean4-messy-APP-016162,review-clean4-messy-CAND-03254,2026-10-11,,POSTPONED,,False
review-clean4-messy-ONB-000380,review-clean4-messy-OFF-001089,review-clean4-messy-APP-016183,review-clean4-messy-CAND-01582,09/01/2026,,Done,Found other offer,True
review-clean4-messy-ONB-000381,review-clean4-messy-OFF-001094,review-clean4-messy-APP-016307,review-clean4-messy-CAND-03873,09/19/2026,2026-09-23,Joined,,False
review-clean4-messy-ONB-000382,review-clean4-messy-OFF-001102,review-clean4-messy-APP-016461,review-clean4-messy-CAND-02512,2026-08-03,2026-08-01,Joined,Personal reasons,False
review-clean4-messy-ONB-000383,review-clean4-messy-OFF-001105,review-clean4-messy-APP-016495,review-clean4-messy-CAND-02242,2026-10-26,,No Show,,True
review-clean4-messy-ONB-000384,review-clean4-messy-OFF-001107,review-clean4-messy-APP-016541,review-clean4-messy-CAND-00917,2026-08-12,,No Show,,YES
review-clean4-messy-ONB-000385,review-clean4-messy-OFF-001108,review-clean4-messy-APP-016543,review-clean4-messy-CAND-02840,2026-08-08,2026-08-08,no show,,False
review-clean4-messy-ONB-000386,review-clean4-messy-OFF-001111,review-clean4-messy-APP-016582,review-clean4-messy-CAND-00228,2026-09-10,2026-09-13,Cancelled,,False
review-clean4-messy-ONB-000387,review-clean4-messy-OFF-001112,review-clean4-messy-APP-016588,review-clean4-messy-CAND-02336,09/01/2026,2026-09-06,Cancelled,,YES
review-clean4-messy-ONB-000388,review-clean4-messy-OFF-001113,review-clean4-messy-APP-016591,review-clean4-messy-CAND-02728,09/27/2026,2026-09-26,JOINED,,No
review-clean4-messy-ONB-000389,review-clean4-messy-OFF-001116,review-clean4-messy-APP-016635,review-clean4-messy-CAND-02409,2026-09-16,2026-09-17,Cancelled,,True
review-clean4-messy-ONB-000390,review-clean4-messy-OFF-001117,review-clean4-messy-APP-016648,review-clean4-messy-CAND-02748,2026-08-24,,Cancelled,,True
review-clean4-messy-ONB-000391,review-clean4-messy-OFF-001118,review-clean4-messy-APP-016651,review-clean4-messy-CAND-03906,2026-09-17,2026-09-18,Joined,,True
review-clean4-messy-ONB-000392,review-clean4-messy-OFF-001119,review-clean4-messy-APP-016652,review-clean4-messy-CAND-03089,08/24/2026,2026-08-22,Joined,,true
review-clean4-messy-ONB-000393,review-clean4-messy-OFF-001120,review-clean4-messy-APP-016654,review-clean4-messy-CAND-02683,2026-09-05,2026-09-07,No Show,,YES
review-clean4-messy-ONB-000394,review-clean4-messy-OFF-001123,review-clean4-messy-APP-016719,review-clean4-messy-CAND-02409,2026-08-04,,Rejected,,false
review-clean4-messy-ONB-000395,review-clean4-messy-OFF-001127,review-clean4-messy-APP-016749,review-clean4-messy-CAND-04621,2026-08-15,2026-08-19,Offer accepted,Found other offer,true
review-clean4-messy-ONB-000396,review-clean4-messy-OFF-001128,review-clean4-messy-APP-016756,review-clean4-messy-CAND-03837,08/24/2026,2026-08-27,Cancelled,,false
review-clean4-messy-ONB-000397,review-clean4-messy-OFF-001131,review-clean4-messy-APP-016808,review-clean4-messy-CAND-03776,2026-10-11,2026-10-10,Joined,,No
review-clean4-messy-ONB-000398,review-clean4-messy-OFF-001134,review-clean4-messy-APP-016844,review-clean4-messy-CAND-03886,07/04/2026,2026-07-03,Joined,,False
review-clean4-messy-ONB-000399,review-clean4-messy-OFF-001140,review-clean4-messy-APP-016977,review-clean4-messy-CAND-03560,2026-09-18,2026-09-22,Postponed,,No
review-clean4-messy-ONB-000400,review-clean4-messy-OFF-001143,review-clean4-messy-APP-017003,review-clean4-messy-CAND-02860,2026-08-05,2026-08-08,No Show,,True
review-clean4-messy-ONB-000401,review-clean4-messy-OFF-001144,review-clean4-messy-APP-017067,review-clean4-messy-CAND-01481,2026-08-27,,Rejected,,false
review-clean4-messy-ONB-000402,review-clean4-messy-OFF-001154,review-clean4-messy-APP-017223,review-clean4-messy-CAND-00069,2026-08-30,2026-08-30,Done,Found other offer,False
review-clean4-messy-ONB-000403,review-clean4-messy-OFF-001157,review-clean4-messy-APP-017290,review-clean4-messy-CAND-02686,2026-08-24,2026-08-24,Rejected,,No
review-clean4-messy-ONB-000404,review-clean4-messy-OFF-001158,review-clean4-messy-APP-017299,review-clean4-messy-CAND-01948,09/29/2026,,CANCELLED,,False
review-clean4-messy-ONB-000405,review-clean4-messy-OFF-001160,review-clean4-messy-APP-017326,review-clean4-messy-CAND-01343,2026-09-15,,Joined,,True
review-clean4-messy-ONB-000406,review-clean4-messy-OFF-001164,review-clean4-messy-APP-017423,review-clean4-messy-CAND-04348,08/27/2026,,Joined,,true
review-clean4-messy-ONB-000407,review-clean4-messy-OFF-001165,review-clean4-messy-APP-017427,review-clean4-messy-CAND-01952,09/19/2026,09/20/2026,Rejected,Personal reasons,False
review-clean4-messy-ONB-000408,review-clean4-messy-OFF-001166,review-clean4-messy-APP-017428,review-clean4-messy-CAND-01714,2026-10-14,2026-10-14,No Show,,False
review-clean4-messy-ONB-000409,review-clean4-messy-OFF-001167,review-clean4-messy-APP-017436,review-clean4-messy-CAND-03317,2026-07-09,2026-07-11,No Show,,False
review-clean4-messy-ONB-000410,review-clean4-messy-OFF-001169,review-clean4-messy-APP-017466,review-clean4-messy-CAND-02452,2026-09-16,2026-09-17,Postponed,,true
review-clean4-messy-ONB-000411,review-clean4-messy-OFF-001174,review-clean4-messy-APP-017514,review-clean4-messy-CAND-02481,2026-10-03,2026-10-05,Cancelled,,No
review-clean4-messy-ONB-000412,review-clean4-messy-OFF-001180,review-clean4-messy-APP-017612,review-clean4-messy-CAND-01868,2026-09-10,09/13/2026,Joined,,False
review-clean4-messy-ONB-000413,review-clean4-messy-OFF-001183,review-clean4-messy-APP-017681,review-clean4-messy-CAND-01225,2026-08-15,,Joined,,false
review-clean4-messy-ONB-000414,review-clean4-messy-OFF-001185,review-clean4-messy-APP-017693,review-clean4-messy-CAND-03834,2026-10-02,,Rejected,,False
review-clean4-messy-ONB-000415,review-clean4-messy-OFF-001187,review-clean4-messy-APP-017701,review-clean4-messy-CAND-00303,2026-10-01,2026-10-01,Postponed,,true
review-clean4-messy-ONB-000416,review-clean4-messy-OFF-001189,review-clean4-messy-APP-017727,review-clean4-messy-CAND-01484,2026-08-10,2026-08-14,Joined,,False
review-clean4-messy-ONB-000417,review-clean4-messy-OFF-001192,review-clean4-messy-APP-017769,review-clean4-messy-CAND-02705,2026-07-31,2026-07-29,No Show,,False
review-clean4-messy-ONB-000418,review-clean4-messy-OFF-001193,review-clean4-messy-APP-017778,review-clean4-messy-CAND-02260,09/10/2026,2026-09-13,Offer accepted,,False
review-clean4-messy-ONB-000419,review-clean4-messy-OFF-001198,review-clean4-messy-APP-017827,review-clean4-messy-CAND-01514,2026-08-02,,Joined,Found other offer,True
review-clean4-messy-ONB-000420,review-clean4-messy-OFF-001199,review-clean4-messy-APP-017845,review-clean4-messy-CAND-00263,09/29/2026,2026-10-03,Cancelled,,False
review-clean4-messy-ONB-000421,review-clean4-messy-OFF-001200,review-clean4-messy-APP-017847,review-clean4-messy-CAND-00949,08/10/2026,2026-08-15,Cancelled,,False
review-clean4-messy-ONB-000422,review-clean4-messy-OFF-001201,review-clean4-messy-APP-017849,review-clean4-messy-CAND-04589,2026-08-12,,Joined,,false
review-clean4-messy-ONB-000423,review-clean4-messy-OFF-001202,review-clean4-messy-APP-017880,review-clean4-messy-CAND-04035,2026-10-04,2026-10-08,Joined,,YES
review-clean4-messy-ONB-000424,review-clean4-messy-OFF-001205,review-clean4-messy-APP-017946,review-clean4-messy-CAND-00470,10/11/2026,10/13/2026,Joined, Found other offer ,true
review-clean4-messy-ONB-000425,review-clean4-messy-OFF-001209,review-clean4-messy-APP-018036,review-clean4-messy-CAND-04377,07/31/2026,,Joined,Personal reasons,False
review-clean4-messy-ONB-000426,review-clean4-messy-OFF-001219,review-clean4-messy-APP-018209,review-clean4-messy-CAND-03582,2026-08-23,2026-08-27,Cancelled,,true
review-clean4-messy-ONB-000427,review-clean4-messy-OFF-001220,review-clean4-messy-APP-018216,review-clean4-messy-CAND-00851,2026-09-13,2026-09-12,Cancelled,,True
review-clean4-messy-ONB-000428,review-clean4-messy-OFF-001221,review-clean4-messy-APP-018218,review-clean4-messy-CAND-03359,2026-08-04,2026-08-09,Postponed,,false
review-clean4-messy-ONB-000429,review-clean4-messy-OFF-001224,review-clean4-messy-APP-018298,review-clean4-messy-CAND-04037,07/26/2026,2026-07-26,Rejected,,True
review-clean4-messy-ONB-000430,review-clean4-messy-OFF-001231,review-clean4-messy-APP-018432,review-clean4-messy-CAND-00190,09/03/2026,2026-09-05,Done,,No
review-clean4-messy-ONB-000431,review-clean4-messy-OFF-001232,review-clean4-messy-APP-018441,review-clean4-messy-CAND-01783,2026-08-19,2026-08-18,Postponed,,True
review-clean4-messy-ONB-000432,review-clean4-messy-OFF-001233,review-clean4-messy-APP-018448,review-clean4-messy-CAND-02432,2026-08-26,08/31/2026,Joined,,True
review-clean4-messy-ONB-000433,review-clean4-messy-OFF-001234,review-clean4-messy-APP-018477,review-clean4-messy-CAND-03598,2026-08-03,,No Show,Found other offer,True
review-clean4-messy-ONB-000434,review-clean4-messy-OFF-001238,review-clean4-messy-APP-018542,review-clean4-messy-CAND-01511,07/12/2026,2026-07-11,No hire,,False
review-clean4-messy-ONB-000435,review-clean4-messy-OFF-001240,review-clean4-messy-APP-018576,review-clean4-messy-CAND-00835,10/08/2026,2026-10-09,Joined,,False
review-clean4-messy-ONB-000436,review-clean4-messy-OFF-001242,review-clean4-messy-APP-018600,review-clean4-messy-CAND-02548,10/11/2026,2026-10-13,No hire,Found other offer,True
review-clean4-messy-ONB-000437,review-clean4-messy-OFF-001249,review-clean4-messy-APP-018769,review-clean4-messy-CAND-03243,09/26/2026,2026-09-24,Joined,Found other offer,False
review-clean4-messy-ONB-000438,review-clean4-messy-OFF-001251,review-clean4-messy-APP-018778,review-clean4-messy-CAND-02849,2026-08-03,2026-08-06,Postponed,,True
review-clean4-messy-ONB-000439,review-clean4-messy-OFF-001252,review-clean4-messy-APP-018790,review-clean4-messy-CAND-01747,2026-07-24,,Joined,,False
review-clean4-messy-ONB-000440,review-clean4-messy-OFF-001254,review-clean4-messy-APP-018832,review-clean4-messy-CAND-02360,2026-09-18,2026-09-21,Joined,Personal reasons,False
review-clean4-messy-ONB-000441,review-clean4-messy-OFF-001257,review-clean4-messy-APP-018860,review-clean4-messy-CAND-02536,08/31/2026,2026-08-31,Cancelled,,False
review-clean4-messy-ONB-000442,review-clean4-messy-OFF-001258,review-clean4-messy-APP-018894,review-clean4-messy-CAND-01394,08/05/2026,2026-08-10,Cancelled,,False
review-clean4-messy-ONB-000443,review-clean4-messy-OFF-001259,review-clean4-messy-APP-018906,review-clean4-messy-CAND-04538,2026-08-14,2026-08-12,Joined,Found other offer,False
review-clean4-messy-ONB-000444,review-clean4-messy-OFF-001262,review-clean4-messy-APP-018955,review-clean4-messy-CAND-01888,2026-09-18,2026-09-16,Joined,,YES
review-clean4-messy-ONB-000445,review-clean4-messy-OFF-001265,review-clean4-messy-APP-018982,review-clean4-messy-CAND-02629,2026-10-09,10/10/2026,no show,Found other offer,False
review-clean4-messy-ONB-000446,review-clean4-messy-OFF-001269,review-clean4-messy-APP-019013,review-clean4-messy-CAND-02064,2026-09-05,,POSTPONED,Found other offer,No
review-clean4-messy-ONB-000447,review-clean4-messy-OFF-001273,review-clean4-messy-APP-019065,review-clean4-messy-CAND-04706,2026-07-22,,No Show,,False
review-clean4-messy-ONB-000448,review-clean4-messy-OFF-001276,review-clean4-messy-APP-019101,review-clean4-messy-CAND-03649,08/02/2026,2026-08-02,Postponed,Personal reasons,True
review-clean4-messy-ONB-000449,review-clean4-messy-OFF-001278,review-clean4-messy-APP-019129,review-clean4-messy-CAND-04550,2026-08-24,08/29/2026,No hire,,False
review-clean4-messy-ONB-000450,review-clean4-messy-OFF-001282,review-clean4-messy-APP-019183,review-clean4-messy-CAND-01889,2026-09-12,,Joined,,No
review-clean4-messy-ONB-000451,review-clean4-messy-OFF-001283,review-clean4-messy-APP-019201,review-clean4-messy-CAND-00650,2026-08-21,2026-08-25,Postponed,Found other offer,false
review-clean4-messy-ONB-000452,review-clean4-messy-OFF-001288,review-clean4-messy-APP-019283,review-clean4-messy-CAND-03971,2026-08-03,2026-08-05,Done,Found other offer,False
review-clean4-messy-ONB-000453,review-clean4-messy-OFF-001289,review-clean4-messy-APP-019299,review-clean4-messy-CAND-00796,2026-08-28,2026-08-31,Joined,,True
review-clean4-messy-ONB-000454,review-clean4-messy-OFF-001290,review-clean4-messy-APP-019301,review-clean4-messy-CAND-00173,07/16/2026,,Joined,,True
review-clean4-messy-ONB-000455,review-clean4-messy-OFF-001291,review-clean4-messy-APP-019302,review-clean4-messy-CAND-04650,2026-08-12,,Joined,,True
review-clean4-messy-ONB-000456,review-clean4-messy-OFF-001294,review-clean4-messy-APP-019353,review-clean4-messy-CAND-04849,2026-10-29,2026-11-03,Joined, Found other offer ,false
review-clean4-messy-ONB-000457,review-clean4-messy-OFF-001295,review-clean4-messy-APP-019365,review-clean4-messy-CAND-03204,2026-08-17,2026-08-19,No Show,,False
review-clean4-messy-ONB-000458,review-clean4-messy-OFF-001296,review-clean4-messy-APP-019376,review-clean4-messy-CAND-01380,2026-09-19,2026-09-20,Rejected,,False
review-clean4-messy-ONB-000459,review-clean4-messy-OFF-001298,review-clean4-messy-APP-019410,review-clean4-messy-CAND-03393,2026-09-09,2026-09-08,No Show,,False
review-clean4-messy-ONB-000460,review-clean4-messy-OFF-001299,review-clean4-messy-APP-019433,review-clean4-messy-CAND-03136,2026-09-01,,Joined,,false
review-clean4-messy-ONB-000461,review-clean4-messy-OFF-001301,review-clean4-messy-APP-019444,review-clean4-messy-CAND-04530,07/11/2026,2026-07-14,No Show,,True
review-clean4-messy-ONB-000462,review-clean4-messy-OFF-001305,review-clean4-messy-APP-019527,review-clean4-messy-CAND-04461,10/09/2026,2026-10-13,Cancelled,,False
review-clean4-messy-ONB-000463,review-clean4-messy-OFF-001309,review-clean4-messy-APP-019579,review-clean4-messy-CAND-00979,2026-10-22,,No Show,Found other offer,False
review-clean4-messy-ONB-000464,review-clean4-messy-OFF-001310,review-clean4-messy-APP-019596,review-clean4-messy-CAND-03980,08/21/2026,2026-08-22,Cancelled,Personal reasons,False
review-clean4-messy-ONB-000465,review-clean4-messy-OFF-001311,review-clean4-messy-APP-019602,review-clean4-messy-CAND-03293,2026-08-16,,Joined,,No
review-clean4-messy-ONB-000466,review-clean4-messy-OFF-001316,review-clean4-messy-APP-019663,review-clean4-messy-CAND-01443,2026-08-16,2026-08-21,Joined,,True
review-clean4-messy-ONB-000467,review-clean4-messy-OFF-001328,review-clean4-messy-APP-019921,review-clean4-messy-CAND-02270,2026-10-11,2026-10-13,Cancelled,,True
review-clean4-messy-ONB-000468,review-clean4-messy-OFF-001333,review-clean4-messy-APP-020008,review-clean4-messy-CAND-00962,2026-08-18,,Cancelled,,False
review-clean4-messy-ONB-000469,review-clean4-messy-OFF-001335,review-clean4-messy-APP-020024,review-clean4-messy-CAND-02398,2026-08-01,08/06/2026,No Show,,True
review-clean4-messy-ONB-000470,review-clean4-messy-OFF-001336,review-clean4-messy-APP-020049,review-clean4-messy-CAND-03995,07/15/2026,2026-07-16,Cancelled,,False
review-clean4-messy-ONB-000471,review-clean4-messy-OFF-001337,review-clean4-messy-APP-020060,review-clean4-messy-CAND-02980,10/01/2026,2026-10-05,Cancelled,,True
review-clean4-messy-ONB-000472,review-clean4-messy-OFF-001338,review-clean4-messy-APP-020096,review-clean4-messy-CAND-04482,2026-10-02,,Joined,Found other offer,True
review-clean4-messy-ONB-000473,review-clean4-messy-OFF-001339,review-clean4-messy-APP-020131,review-clean4-messy-CAND-00061,2026-08-19,2026-08-17,Joined,,YES
review-clean4-messy-ONB-000474,review-clean4-messy-OFF-001344,review-clean4-messy-APP-020200,review-clean4-messy-CAND-03999,2026-09-05,09/08/2026,Postponed,,true
review-clean4-messy-ONB-000475,review-clean4-messy-OFF-001347,review-clean4-messy-APP-020210,review-clean4-messy-CAND-00481,08/13/2026,08/13/2026,Postponed,,True
review-clean4-messy-ONB-000476,review-clean4-messy-OFF-001348,review-clean4-messy-APP-020213,review-clean4-messy-CAND-01750,10/03/2026,2026-10-04,CANCELLED,,True
review-clean4-messy-ONB-000477,review-clean4-messy-OFF-001351,review-clean4-messy-APP-020270,review-clean4-messy-CAND-00765,2026-09-07,2026-09-12,Cancelled,,false
review-clean4-messy-ONB-000478,review-clean4-messy-OFF-001352,review-clean4-messy-APP-020287,review-clean4-messy-CAND-01120,2026-09-15,,No Show,,No
review-clean4-messy-ONB-000479,review-clean4-messy-OFF-001353,review-clean4-messy-APP-020300,review-clean4-messy-CAND-04216,08/10/2026,,Joined,Found other offer,false
review-clean4-messy-ONB-000480,review-clean4-messy-OFF-001354,review-clean4-messy-APP-020316,review-clean4-messy-CAND-03548,08/08/2026,2026-08-06,Joined,,True
review-clean4-messy-ONB-000481,review-clean4-messy-OFF-001355,review-clean4-messy-APP-020323,review-clean4-messy-CAND-04854,2026-07-28,2026-08-01,No Show,,false
review-clean4-messy-ONB-000482,review-clean4-messy-OFF-001356,review-clean4-messy-APP-020339,review-clean4-messy-CAND-04984,2026-09-08,2026-09-06,Postponed,Personal reasons,False
review-clean4-messy-ONB-000483,review-clean4-messy-OFF-001359,review-clean4-messy-APP-020385,review-clean4-messy-CAND-03314,07/30/2026,2026-08-01,Offer accepted,,No
review-clean4-messy-ONB-000484,review-clean4-messy-OFF-001361,review-clean4-messy-APP-020399,review-clean4-messy-CAND-01064,2026-09-05,2026-09-03,No Show,,false
review-clean4-messy-ONB-000485,review-clean4-messy-OFF-001367,review-clean4-messy-APP-020481,review-clean4-messy-CAND-01065,2026-08-15,2026-08-16,No Show,,False
review-clean4-messy-ONB-000486,review-clean4-messy-OFF-001369,review-clean4-messy-APP-020521,review-clean4-messy-CAND-04826,2026-09-13,2026-09-11,Joined,Found other offer,No
review-clean4-messy-ONB-000487,review-clean4-messy-OFF-001371,review-clean4-messy-APP-020523,review-clean4-messy-CAND-00254,2026-10-14,2026-10-19,Postponed,,True
review-clean4-messy-ONB-000488,review-clean4-messy-OFF-001372,review-clean4-messy-APP-020543,review-clean4-messy-CAND-02469,09/10/2026,2026-09-11,No Show,Found other offer,True
review-clean4-messy-ONB-000489,review-clean4-messy-OFF-001373,review-clean4-messy-APP-020579,review-clean4-messy-CAND-00297,2026-07-14,2026-07-17,Cancelled,,False
review-clean4-messy-ONB-000490,review-clean4-messy-OFF-001376,review-clean4-messy-APP-020631,review-clean4-messy-CAND-04147,2026-09-28,2026-09-29,Postponed,,True
review-clean4-messy-ONB-000491,review-clean4-messy-OFF-001377,review-clean4-messy-APP-020638,review-clean4-messy-CAND-00313,2026-07-19,2026-07-17,Joined,,YES
review-clean4-messy-ONB-000492,review-clean4-messy-OFF-001378,review-clean4-messy-APP-020640,review-clean4-messy-CAND-02306,08/10/2026,2026-08-12,Joined,,True
review-clean4-messy-ONB-000493,review-clean4-messy-OFF-001379,review-clean4-messy-APP-020642,review-clean4-messy-CAND-01526,10/21/2026,,No hire,,YES
review-clean4-messy-ONB-000494,review-clean4-messy-OFF-001383,review-clean4-messy-APP-020692,review-clean4-messy-CAND-00258,2026-08-14,2026-08-12,Cancelled,,True
review-clean4-messy-ONB-000495,review-clean4-messy-OFF-001385,review-clean4-messy-APP-020712,review-clean4-messy-CAND-01430,08/23/2026,2026-08-28,Postponed,,False
review-clean4-messy-ONB-000496,review-clean4-messy-OFF-001388,review-clean4-messy-APP-020774,review-clean4-messy-CAND-01351,2026-07-16,,joined,,True
review-clean4-messy-ONB-000497,review-clean4-messy-OFF-001389,review-clean4-messy-APP-020777,review-clean4-messy-CAND-03869,2026-09-15,2026-09-15,No Show,Found other offer,False
review-clean4-messy-ONB-000498,review-clean4-messy-OFF-001400,review-clean4-messy-APP-020923,review-clean4-messy-CAND-03010,07/31/2026,,Joined,Personal reasons,False
review-clean4-messy-ONB-000499,review-clean4-messy-OFF-001403,review-clean4-messy-APP-020983,review-clean4-messy-CAND-01678,08/17/2026,2026-08-19,Joined,,False
review-clean4-messy-ONB-000500,review-clean4-messy-OFF-001407,review-clean4-messy-APP-021029,review-clean4-messy-CAND-02129,10/21/2026,,Postponed,,True
review-clean4-messy-ONB-000501,review-clean4-messy-OFF-001408,review-clean4-messy-APP-021052,review-clean4-messy-CAND-02400,2026-09-05,2026-09-10,Joined,,True
review-clean4-messy-ONB-000502,review-clean4-messy-OFF-001410,review-clean4-messy-APP-021123,review-clean4-messy-CAND-00435,2026-08-16,2026-08-20,Cancelled,Found other offer,True
review-clean4-messy-ONB-000503,review-clean4-messy-OFF-001415,review-clean4-messy-APP-021141,review-clean4-messy-CAND-02685,2026-10-13,2026-10-14,Joined,,false
review-clean4-messy-ONB-000504,review-clean4-messy-OFF-001416,review-clean4-messy-APP-021154,review-clean4-messy-CAND-02110,2026-08-14,2026-08-13,Postponed,,YES
review-clean4-messy-ONB-000505,review-clean4-messy-OFF-001417,review-clean4-messy-APP-021173,review-clean4-messy-CAND-04605,09/05/2026,2026-09-06,Postponed,,True
review-clean4-messy-ONB-000506,review-clean4-messy-OFF-001424,review-clean4-messy-APP-021271,review-clean4-messy-CAND-00163,2026-10-05,2026-10-05,Joined,,false
review-clean4-messy-ONB-000507,review-clean4-messy-OFF-001425,review-clean4-messy-APP-021287,review-clean4-messy-CAND-02144,2026-08-02,,Joined,Found other offer,YES
review-clean4-messy-ONB-000508,review-clean4-messy-OFF-001426,review-clean4-messy-APP-021305,review-clean4-messy-CAND-03970,2026-08-27,,Postponed,Found other offer,True
review-clean4-messy-ONB-000509,review-clean4-messy-OFF-001429,review-clean4-messy-APP-021362,review-clean4-messy-CAND-00319,2026-10-03,10/03/2026,Cancelled,,False
review-clean4-messy-ONB-000510,review-clean4-messy-OFF-001430,review-clean4-messy-APP-021378,review-clean4-messy-CAND-00892,2026-09-26,,Postponed,,true
review-clean4-messy-ONB-000511,review-clean4-messy-OFF-001438,review-clean4-messy-APP-021451,review-clean4-messy-CAND-02887,2026-07-21,2026-07-23,Cancelled,,False
review-clean4-messy-ONB-000512,review-clean4-messy-OFF-001444,review-clean4-messy-APP-021622,review-clean4-messy-CAND-02040,08/23/2026,2026-08-27,Offer accepted,,True
review-clean4-messy-ONB-000513,review-clean4-messy-OFF-001447,review-clean4-messy-APP-021670,review-clean4-messy-CAND-02287,07/06/2026,,Joined,,true
review-clean4-messy-ONB-000514,review-clean4-messy-OFF-001449,review-clean4-messy-APP-021716,review-clean4-messy-CAND-01384,2026-07-31,2026-08-04,Postponed,,False
review-clean4-messy-ONB-000515,review-clean4-messy-OFF-001451,review-clean4-messy-APP-021776,review-clean4-messy-CAND-04318,2026-08-28,,No Show,,No
review-clean4-messy-ONB-000516,review-clean4-messy-OFF-001454,review-clean4-messy-APP-021800,review-clean4-messy-CAND-04589,09/18/2026,2026-09-16,No Show,Found other offer,false
review-clean4-messy-ONB-000517,review-clean4-messy-OFF-001465,review-clean4-messy-APP-021997,review-clean4-messy-CAND-01766,08/14/2026,2026-08-18,No Show,,No
review-clean4-messy-ONB-000518,review-clean4-messy-OFF-001466,review-clean4-messy-APP-021998,review-clean4-messy-CAND-04851,2026-08-08,2026-08-07,No Show,,True
review-clean4-messy-ONB-000519,review-clean4-messy-OFF-001468,review-clean4-messy-APP-022054,review-clean4-messy-CAND-04671,09/28/2026,,Joined,,YES
review-clean4-messy-ONB-000520,review-clean4-messy-OFF-001470,review-clean4-messy-APP-022072,review-clean4-messy-CAND-01183,09/15/2026,2026-09-20,Joined,,true
review-clean4-messy-ONB-000521,review-clean4-messy-OFF-001471,review-clean4-messy-APP-022078,review-clean4-messy-CAND-04460,2026-08-11,08/13/2026,Cancelled,,false
review-clean4-messy-ONB-000522,review-clean4-messy-OFF-001475,review-clean4-messy-APP-022139,review-clean4-messy-CAND-00186,2026-10-17,2026-10-18,Joined,,True
review-clean4-messy-ONB-000523,review-clean4-messy-OFF-001480,review-clean4-messy-APP-022202,review-clean4-messy-CAND-04847,2026-10-03,2026-10-06,No Show,,True
review-clean4-messy-ONB-000524,review-clean4-messy-OFF-001481,review-clean4-messy-APP-022213,review-clean4-messy-CAND-04089,2026-09-16,2026-09-21,Joined,Found other offer,False
review-clean4-messy-ONB-000525,review-clean4-messy-OFF-001486,review-clean4-messy-APP-022379,review-clean4-messy-CAND-02548,2026-09-16,,Done,,False
review-clean4-messy-ONB-000526,review-clean4-messy-OFF-001487,review-clean4-messy-APP-022398,review-clean4-messy-CAND-01531,2026-09-26,,CANCELLED,,False
review-clean4-messy-ONB-000527,review-clean4-messy-OFF-001490,review-clean4-messy-APP-022444,review-clean4-messy-CAND-00130,2026-08-12,,No Show,,False
review-clean4-messy-ONB-000528,review-clean4-messy-OFF-001494,review-clean4-messy-APP-022471,review-clean4-messy-CAND-01703,2026-08-16,,Postponed,,True
review-clean4-messy-ONB-000529,review-clean4-messy-OFF-001495,review-clean4-messy-APP-022476,review-clean4-messy-CAND-04934,2026-08-28,2026-09-02,Postponed,Found other offer,True
review-clean4-messy-ONB-000530,review-clean4-messy-OFF-001496,review-clean4-messy-APP-022487,review-clean4-messy-CAND-00700,2026-10-13,2026-10-17,Done,,No
review-clean4-messy-ONB-000531,review-clean4-messy-OFF-001499,review-clean4-messy-APP-022502,review-clean4-messy-CAND-01739,2026-09-03,2026-09-07,Joined,,False
review-clean4-messy-ONB-000532,review-clean4-messy-OFF-001502,review-clean4-messy-APP-022519,review-clean4-messy-CAND-02251,10/10/2026,2026-10-08,No Show,,True
review-clean4-messy-ONB-000533,review-clean4-messy-OFF-001504,review-clean4-messy-APP-022543,review-clean4-messy-CAND-04584,2026-10-04,10/09/2026,Cancelled,,False
review-clean4-messy-ONB-000534,review-clean4-messy-OFF-001515,review-clean4-messy-APP-022707,review-clean4-messy-CAND-01900,2026-08-27,2026-09-01,JOINED,,False
review-clean4-messy-ONB-000535,review-clean4-messy-OFF-001516,review-clean4-messy-APP-022709,review-clean4-messy-CAND-04572,2026-10-15,2026-10-13,Joined,,True
review-clean4-messy-ONB-000536,review-clean4-messy-OFF-001520,review-clean4-messy-APP-022724,review-clean4-messy-CAND-01915,2026-07-24,2026-07-24,No Show,,True
review-clean4-messy-ONB-000537,review-clean4-messy-OFF-001522,review-clean4-messy-APP-022740,review-clean4-messy-CAND-03930,07/23/2026,,No Show,Found other offer,False
review-clean4-messy-ONB-000538,review-clean4-messy-OFF-001524,review-clean4-messy-APP-022761,review-clean4-messy-CAND-02992,07/21/2026,2026-07-24,Cancelled,Found other offer,False
review-clean4-messy-ONB-000539,review-clean4-messy-OFF-001525,review-clean4-messy-APP-022762,review-clean4-messy-CAND-01135,2026-08-07,,Postponed,,True
review-clean4-messy-ONB-000540,review-clean4-messy-OFF-001531,review-clean4-messy-APP-022898,review-clean4-messy-CAND-03706,2026-09-10,,Joined,,True
review-clean4-messy-ONB-000541,review-clean4-messy-OFF-001533,review-clean4-messy-APP-022947,review-clean4-messy-CAND-01684,2026-10-04,2026-10-05,Postponed,,No
review-clean4-messy-ONB-000542,review-clean4-messy-OFF-001534,review-clean4-messy-APP-022996,review-clean4-messy-CAND-02797,2026-10-11,2026-10-09,Postponed,,True
review-clean4-messy-ONB-000543,review-clean4-messy-OFF-001535,review-clean4-messy-APP-023005,review-clean4-messy-CAND-03986,2026-09-26,,Cancelled,,False
review-clean4-messy-ONB-000544,review-clean4-messy-OFF-001536,review-clean4-messy-APP-023007,review-clean4-messy-CAND-03310,2026-10-12,10/12/2026,Postponed,Personal reasons,False
review-clean4-messy-ONB-000545,review-clean4-messy-OFF-001540,review-clean4-messy-APP-023026,review-clean4-messy-CAND-02338,10/07/2026,2026-10-07,Joined,,true
review-clean4-messy-ONB-000546,review-clean4-messy-OFF-001541,review-clean4-messy-APP-023055,review-clean4-messy-CAND-04992,2026-08-04,2026-08-07,Rejected,,False
review-clean4-messy-ONB-000547,review-clean4-messy-OFF-001542,review-clean4-messy-APP-023083,review-clean4-messy-CAND-04474,2026-08-29,2026-08-28,Offer accepted,,True
review-clean4-messy-ONB-000548,review-clean4-messy-OFF-001544,review-clean4-messy-APP-023155,review-clean4-messy-CAND-04480,2026-08-25,,JOINED,,True
review-clean4-messy-ONB-000549,review-clean4-messy-OFF-001547,review-clean4-messy-APP-023205,review-clean4-messy-CAND-00381,2026-10-03,2026-10-04,Rejected,,True
review-clean4-messy-ONB-000550,review-clean4-messy-OFF-001554,review-clean4-messy-APP-023320,review-clean4-messy-CAND-03655,2026-08-18,2026-08-21,No Show,,False
review-clean4-messy-ONB-000551,review-clean4-messy-OFF-001557,review-clean4-messy-APP-023346,review-clean4-messy-CAND-03403,2026-08-31,,Joined,Found other offer,True
review-clean4-messy-ONB-000552,review-clean4-messy-OFF-001560,review-clean4-messy-APP-023387,review-clean4-messy-CAND-01273,2026-08-22,2026-08-25,Joined,Personal reasons,False
review-clean4-messy-ONB-000553,review-clean4-messy-OFF-001561,review-clean4-messy-APP-023420,review-clean4-messy-CAND-03084,2026-08-22,2026-08-23,No hire,,False
review-clean4-messy-ONB-000554,review-clean4-messy-OFF-001565,review-clean4-messy-APP-023513,review-clean4-messy-CAND-00687,2026-10-13,,Postponed,,False
review-clean4-messy-ONB-000555,review-clean4-messy-OFF-001567,review-clean4-messy-APP-023552,review-clean4-messy-CAND-01407,2026-09-18,2026-09-23,Cancelled,,True
review-clean4-messy-ONB-000556,review-clean4-messy-OFF-001578,review-clean4-messy-APP-023799,review-clean4-messy-CAND-03571,2026-08-31,2026-08-30,JOINED,,False
review-clean4-messy-ONB-000557,review-clean4-messy-OFF-001581,review-clean4-messy-APP-023826,review-clean4-messy-CAND-00064,2026-08-10,08/13/2026,Joined,Found other offer,true
review-clean4-messy-ONB-000558,review-clean4-messy-OFF-001585,review-clean4-messy-APP-023860,review-clean4-messy-CAND-02236,2026-09-06,2026-09-11,Joined,,False
review-clean4-messy-ONB-000559,review-clean4-messy-OFF-001587,review-clean4-messy-APP-023892,review-clean4-messy-CAND-01264,2026-08-05,,Cancelled,,True
review-clean4-messy-ONB-000560,review-clean4-messy-OFF-001589,review-clean4-messy-APP-023913,review-clean4-messy-CAND-04081,2026-09-15,2026-09-20,Offer accepted,,False
review-clean4-messy-ONB-000561,review-clean4-messy-OFF-001590,review-clean4-messy-APP-023918,review-clean4-messy-CAND-00665,09/17/2026,09/21/2026,No Show,,True
review-clean4-messy-ONB-000562,review-clean4-messy-OFF-001593,review-clean4-messy-APP-023945,review-clean4-messy-CAND-02406,2026-08-15,08/15/2026,No Show,,YES
review-clean4-messy-ONB-000563,review-clean4-messy-OFF-001595,review-clean4-messy-APP-024031,review-clean4-messy-CAND-03216,10/17/2026,2026-10-15,Joined,,True
review-clean4-messy-ONB-000564,review-clean4-messy-OFF-001596,review-clean4-messy-APP-024042,review-clean4-messy-CAND-02956,2026-08-03,,Postponed,,True
review-clean4-messy-ONB-000565,review-clean4-messy-OFF-001597,review-clean4-messy-APP-024043,review-clean4-messy-CAND-03751,2026-08-09,08/14/2026,Postponed,,False
review-clean4-messy-ONB-000566,review-clean4-messy-OFF-001598,review-clean4-messy-APP-024048,review-clean4-messy-CAND-02527,09/17/2026,,Cancelled,,No
review-clean4-messy-ONB-000567,review-clean4-messy-OFF-001599,review-clean4-messy-APP-024084,review-clean4-messy-CAND-00436,10/01/2026,2026-10-03,Joined,,True
review-clean4-messy-ONB-000568,review-clean4-messy-OFF-001600,review-clean4-messy-APP-024091,review-clean4-messy-CAND-02243,08/07/2026,,Joined,Found other offer,False
review-clean4-messy-ONB-000569,review-clean4-messy-OFF-001601,review-clean4-messy-APP-024097,review-clean4-messy-CAND-00760,2026-08-22,,No Show,,True
review-clean4-messy-ONB-000570,review-clean4-messy-OFF-001604,review-clean4-messy-APP-024120,review-clean4-messy-CAND-04495,2026-07-28,2026-08-01,No Show,Found other offer,False
review-clean4-messy-ONB-000571,review-clean4-messy-OFF-001608,review-clean4-messy-APP-024162,review-clean4-messy-CAND-04210,08/26/2026,2026-08-26,No Show,,YES
review-clean4-messy-ONB-000572,review-clean4-messy-OFF-001612,review-clean4-messy-APP-024251,review-clean4-messy-CAND-03789,07/15/2026,,Rejected,,False
review-clean4-messy-ONB-000573,review-clean4-messy-OFF-001613,review-clean4-messy-APP-024262,review-clean4-messy-CAND-01331,2026-08-17,,Joined,,True
review-clean4-messy-ONB-000574,review-clean4-messy-OFF-001615,review-clean4-messy-APP-024285,review-clean4-messy-CAND-02039,2026-09-12,,No Show,,True
review-clean4-messy-ONB-000575,review-clean4-messy-OFF-001622,review-clean4-messy-APP-024334,review-clean4-messy-CAND-03720,07/18/2026,,Joined,,YES
review-clean4-messy-ONB-000576,review-clean4-messy-OFF-001625,review-clean4-messy-APP-024382,review-clean4-messy-CAND-04472,09/24/2026,,Rejected,Found other offer,True
review-clean4-messy-ONB-000577,review-clean4-messy-OFF-001626,review-clean4-messy-APP-024417,review-clean4-messy-CAND-03716,2026-08-06,2026-08-04,Joined,Found other offer,True
review-clean4-messy-ONB-000578,review-clean4-messy-OFF-001628,review-clean4-messy-APP-024430,review-clean4-messy-CAND-00321,2026-09-07,2026-09-06,Joined,,False
review-clean4-messy-ONB-000579,review-clean4-messy-OFF-001634,review-clean4-messy-APP-024515,review-clean4-messy-CAND-01594,09/18/2026,,Joined,Found other offer,true
review-clean4-messy-ONB-000580,review-clean4-messy-OFF-001635,review-clean4-messy-APP-024526,review-clean4-messy-CAND-00771,2026-08-06,,Joined,,True
review-clean4-messy-ONB-000581,review-clean4-messy-OFF-001636,review-clean4-messy-APP-024537,review-clean4-messy-CAND-03310,09/01/2026,,No Show,,No
review-clean4-messy-ONB-000582,review-clean4-messy-OFF-001639,review-clean4-messy-APP-024564,review-clean4-messy-CAND-02944,2026-09-30,,Joined,,True
review-clean4-messy-ONB-000583,review-clean4-messy-OFF-001640,review-clean4-messy-APP-024568,review-clean4-messy-CAND-04433,2026-08-25,,Cancelled,,False
review-clean4-messy-ONB-000584,review-clean4-messy-OFF-001643,review-clean4-messy-APP-024579,review-clean4-messy-CAND-03087,2026-08-07,2026-08-08,Offer accepted,,False
review-clean4-messy-ONB-000585,review-clean4-messy-OFF-001645,review-clean4-messy-APP-024646,review-clean4-messy-CAND-04852,08/30/2026,08/30/2026,Cancelled,,YES
review-clean4-messy-ONB-000586,review-clean4-messy-OFF-001646,review-clean4-messy-APP-024657,review-clean4-messy-CAND-03839,2026-08-04,2026-08-05,No Show, Found other offer ,False
review-clean4-messy-ONB-000587,review-clean4-messy-OFF-001647,review-clean4-messy-APP-024658,review-clean4-messy-CAND-03768,2026-10-23,2026-10-22,Joined,,True
review-clean4-messy-ONB-000588,review-clean4-messy-OFF-001651,review-clean4-messy-APP-024729,review-clean4-messy-CAND-03413,2026-07-24,2026-07-26,no show,Found other offer,true
review-clean4-messy-ONB-000589,review-clean4-messy-OFF-001653,review-clean4-messy-APP-024746,review-clean4-messy-CAND-03772,2026-10-12,2026-10-14,Joined,,False
review-clean4-messy-ONB-000590,review-clean4-messy-OFF-001656,review-clean4-messy-APP-024782,review-clean4-messy-CAND-04274,2026-07-28,2026-07-29,Rejected,,False
review-clean4-messy-ONB-000591,review-clean4-messy-OFF-001660,review-clean4-messy-APP-024813,review-clean4-messy-CAND-00510,2026-09-20,2026-09-22,No Show,,true
review-clean4-messy-ONB-000592,review-clean4-messy-OFF-001661,review-clean4-messy-APP-024818,review-clean4-messy-CAND-01736,2026-07-23,2026-07-23,Rejected,,True
review-clean4-messy-ONB-000593,review-clean4-messy-OFF-001662,review-clean4-messy-APP-024837,review-clean4-messy-CAND-00834,09/01/2026,2026-09-01,Joined,,False
review-clean4-messy-ONB-000594,review-clean4-messy-OFF-001665,review-clean4-messy-APP-024885,review-clean4-messy-CAND-03429,2026-08-24,2026-08-24,Cancelled,Personal reasons,false
review-clean4-messy-ONB-000595,review-clean4-messy-OFF-001671,review-clean4-messy-APP-024969,review-clean4-messy-CAND-02152,2026-07-31,2026-08-02,No Show, Personal reasons ,True
review-clean4-messy-ONB-000596,review-clean4-messy-OFF-001673,review-clean4-messy-APP-024991,review-clean4-messy-CAND-04639,2026-07-31,,No Show,Found other offer,True
