job_id,job_title,department,location,employment_type
JOB-0001,"Finance Surveyor, 001",Finance,West Tinachester,Full-time
JOB-0002,"Engineering Therapist, 002",Engineering,New Timothyberg,Contract
JOB-0003,Sales Geoscientist 003,Sales,North Austinhaven,Full-time
JOB-0004,Sales Equality 004,Sales,Ryanport,Full-time
JOB-0005,Finance Estate 005,Finance,North Anthonyborough,Full-time
JOB-0006,HR Social 006,HR,Flemingtown,Contract
JOB-0007,Engineering Sub 007,Engineering,Williamsfurt,Full-time
JOB-0008,Engineering Comptroller 008,Engineering,Milesside,Full-time
JOB-0009,Sales Corporate 009,Sales,South Davidstad,Full-time
JOB-0010,HR Management 010,HR,West Samuel,Full-time
JOB-0011,Finance Barrister 011,Finance,East Christopher,Contract
JOB-0012,Sales Administrator 012,Sales,South Julie,Contract
JOB-0013,HR Software 013,HR,Port Alexisbury,Contract
JOB-0014,Engineering Barista 014,Engineering,North Davidburgh,Full-time
JOB-0015,Finance Heritage 015,Finance,West Michaelbury,Contract
JOB-0016,"Marketing Horticulturist, 016",Marketing,New Raymond,Contract
JOB-0017,Sales Community 017,Sales,North Johnside,Full-time
JOB-0018,"Marketing Engineer, 018",Marketing,Thorntonstad,Full-time
JOB-0019,Engineering English 019,Engineering,Marquezstad,Contract
JOB-0020,Engineering Structural 020,Engineering,Mistybury,Contract
JOB-0021,Marketing Secretary/administrator 021,Marketing,Luisside,Contract
JOB-0022,Engineering Retail 022,Engineering,North Michaelchester,Contract
JOB-0023,HR Wellsite 023,HR,Ramirezborough,Full-time
JOB-0024,"IT Copywriter, 024",IT,West Judy,Full-time
JOB-0025,"HR Engineer, 025",HR,West Jennyberg,Contract
JOB-0026,Finance Animal 026,Finance,Lake Scott,Contract
JOB-0027,HR Professor 027,HR,North Victorton,Full-time
JOB-0028,Finance Geophysicist/field 028,Finance,Briannaport,Full-time
JOB-0029,Engineering Chartered 029,Engineering,West Melissafurt,Full-time
JOB-0030,Marketing Research 030,Marketing,Port Patrickmouth,Full-time
JOB-0031,Sales Armed 031,Sales,East Nicolas,Full-time
JOB-0032,IT Plant 032,IT,Lake Kevinside,Contract
JOB-0033,IT Magazine 033,IT,New Karenmouth,Contract
JOB-0034,Sales Garment/textile 034,Sales,Port Anthony,Contract
JOB-0035,Marketing Wellsite 035,Marketing,Glennton,Full-time
JOB-0036,Finance Clinical 036,Finance,Farleyport,Contract
JOB-0037,Finance Social 037,Finance,Colemanshire,Full-time
JOB-0038,"HR Scientist, 038",HR,Franciscofurt,Full-time
JOB-0039,"HR Psychologist, 039",HR,East Rebecca,Full-time
JOB-0040,Sales Health 040,Sales,Christopherbury,Contract
JOB-0041,IT Special 041,IT,Matthewfurt,Contract
JOB-0042,Finance Arboriculturist 042,Finance,Michaelview,Full-time
JOB-0043,Finance Translator 043,Finance,North Kurtmouth,Contract
JOB-0044,"Engineering Geneticist, 044",Engineering,South Steven,Full-time
JOB-0045,Engineering Printmaker 045,Engineering,South Benjaminstad,Contract
JOB-0046,IT Quantity 046,IT,South Brian,Contract
JOB-0047,Engineering Cartographer 047,Engineering,Pennyside,Full-time
JOB-0048,HR Interior 048,HR,South Hectorview,Contract
JOB-0049,Sales Futures 049,Sales,Martinezburgh,Contract
JOB-0050,IT Data 050,IT,East Dannyton,Contract
JOB-0051,Sales Educational 051,Sales,Rileyton,Contract
JOB-0052,Sales Surgeon 052,Sales,North Stephanie,Full-time
JOB-0053,Finance Futures 053,Finance,Allenstad,Contract
JOB-0054,Finance Sound 054,Finance,New Jimmyville,Contract
JOB-0055,HR Careers 055,HR,Wilsonland,Contract
JOB-0056,Marketing Fast 056,Marketing,West Ashley,Full-time
JOB-0057,Sales Pathologist 057,Sales,Lake Ronaldport,Contract
JOB-0058,Engineering Customer 058,Engineering,West Catherinestad,Full-time
JOB-0059,Engineering Legal 059,Engineering,Merrittstad,Full-time
JOB-0060,"Finance Psychotherapist, 060",Finance,Christyburgh,Full-time
JOB-0061,"Finance Merchandiser, 061",Finance,West Sarahshire,Contract
JOB-0062,HR Agricultural 062,HR,New Jasonmouth,Full-time
JOB-0063,IT Sales 063,IT,Shelbyfurt,Contract
JOB-0064,HR Television 064,HR,Lake Jessicafurt,Contract
JOB-0065,HR Careers 065,HR,East Arianashire,Contract
JOB-0066,HR Sports 066,HR,Ryanville,Full-time
JOB-0067,"Finance Secretary, 067",Finance,New Thomashaven,Full-time
JOB-0068,"Finance Scientist, 068",Finance,Stewartborough,Contract
JOB-0069,Finance Teaching 069,Finance,Rhondamouth,Contract
JOB-0070,Engineering Financial 070,Engineering,Jerrymouth,Contract
JOB-0071,IT Commercial 071,IT,South Jessica,Full-time
JOB-0072,IT Outdoor 072,IT,Christopherside,Full-time
JOB-0073,Finance Risk 073,Finance,West Denisebury,Contract
JOB-0074,HR Production 074,HR,Hallberg,Full-time
JOB-0075,HR Soil 075,HR,Port Regina,Full-time
JOB-0076,Finance Television/film/video 076,Finance,New Jorge,Contract
JOB-0077,Finance Historic 077,Finance,Leeland,Full-time
JOB-0078,Sales Osteopath 078,Sales,Wagnerberg,Contract
JOB-0079,Sales Teaching 079,Sales,Chenborough,Full-time
JOB-0080,HR Education 080,HR,Smithville,Contract
JOB-0081,IT Personal 081,IT,Kathyfort,Full-time
JOB-0082,Engineering Chiropractor 082,Engineering,Port Austin,Contract
JOB-0083,Marketing Plant 083,Marketing,Lake Garyland,Full-time
JOB-0084,Engineering Consulting 084,Engineering,Strongstad,Full-time
JOB-0085,HR Conference 085,HR,Terrybury,Full-time
JOB-0086,Engineering Hospital 086,Engineering,West Phyllismouth,Contract
JOB-0087,"Engineering Therapist, 087",Engineering,Lake Brandonstad,Full-time
JOB-0088,Sales Production 088,Sales,Mccoychester,Contract
JOB-0089,HR Horticultural 089,HR,Gravesburgh,Full-time
JOB-0090,Marketing Theme 090,Marketing,East Paulashire,Contract
JOB-0091,"Sales Therapist, 091",Sales,Emilymouth,Full-time
JOB-0092,Finance Museum 092,Finance,Samuelhaven,Contract
JOB-0093,IT Theatre 093,IT,Shirleyville,Contract
JOB-0094,IT Exhibition 094,IT,Trevorton,Contract
JOB-0095,"Engineering Surveyor, 095",Engineering,Mitchellfurt,Full-time
JOB-0096,Sales Investment 096,Sales,East Bobby,Full-time
JOB-0097,"Marketing Engineer, 097",Marketing,Stoneshire,Full-time
JOB-0098,HR Warden/ranger 098,HR,Coryport,Full-time
JOB-0099,HR Diagnostic 099,HR,West Joshuamouth,Full-time
JOB-0100,Engineering Environmental 100,Engineering,West Sheila,Full-time
JOB-0101,Finance Futures 101,Finance,East Elizabethberg,Full-time
JOB-0102,Sales Chief 102,Sales,New Mary,Full-time
JOB-0103,Engineering Dispensing 103,Engineering,New Rachelside,Contract
JOB-0104,Engineering Soil 104,Engineering,North Tracy,Full-time
JOB-0105,Marketing Agricultural 105,Marketing,Jamesshire,Contract
JOB-0106,Sales Physiological 106,Sales,Meyermouth,Full-time
JOB-0107,Finance Hotel 107,Finance,Lake Jasmineville,Contract
JOB-0108,"Sales Producer, 108",Sales,Snyderland,Contract
JOB-0109,"IT Copywriter, 109",IT,Jessicaville,Full-time
JOB-0110,Engineering Manufacturing 110,Engineering,Lake Lauraland,Full-time
JOB-0111,"Finance Journalist, 111",Finance,New Matthew,Contract
JOB-0112,Marketing Professor 112,Marketing,Lake Haileyton,Contract
JOB-0113,IT Police 113,IT,Lake Lauramouth,Contract
JOB-0114,Finance Energy 114,Finance,Lake Courtneybury,Full-time
JOB-0115,"Finance Copywriter, 115",Finance,Wigginsbury,Full-time
JOB-0116,"Engineering Engineer, 116",Engineering,Theodorefort,Contract
JOB-0117,"Finance Embryologist, 117",Finance,Campbellborough,Contract
JOB-0118,Engineering Chartered 118,Engineering,North Ryan,Full-time
JOB-0119,Sales Recycling 119,Sales,Lake Gregory,Full-time
JOB-0120,HR Personal 120,HR,Christinashire,Contract
JOB-0121,Sales Farm 121,Sales,Toddburgh,Contract
JOB-0122,Sales Hydrologist 122,Sales,West Elizabeth,Contract
JOB-0123,IT Recruitment 123,IT,Harperside,Full-time
JOB-0124,Engineering Quarry 124,Engineering,Colinville,Contract
JOB-0125,HR Holiday 125,HR,Montesmouth,Full-time
JOB-0126,Engineering Firefighter 126,Engineering,Wilsonmouth,Full-time
JOB-0127,Engineering Investment 127,Engineering,West Heidiberg,Full-time
JOB-0128,Sales Radio 128,Sales,Burkebury,Contract
JOB-0129,IT Air 129,IT,Josephborough,Contract
JOB-0130,Sales Osteopath 130,Sales,New Kelseyview,Contract
JOB-0131,Engineering Investment 131,Engineering,Myersmouth,Full-time
JOB-0132,"IT Physicist, 132",IT,Greenton,Full-time
JOB-0133,"IT Geologist, 133",IT,Chandlermouth,Contract
JOB-0134,IT Armed 134,IT,Sethbury,Contract
JOB-0135,"IT Teacher, 135",IT,New Jamie,Contract
JOB-0136,Sales Clinical 136,Sales,Davidside,Full-time
JOB-0137,Marketing Advertising 137,Marketing,Port Nicholasmouth,Full-time
JOB-0138,Engineering Manufacturing 138,Engineering,Lake Brandonborough,Full-time
JOB-0139,Finance Medical 139,Finance,East Mary,Contract
JOB-0140,Engineering Occupational 140,Engineering,West Laurie,Full-time
JOB-0141,HR Midwife 141,HR,Robertside,Contract
JOB-0142,HR Fish 142,HR,North Meganhaven,Full-time
JOB-0143,Engineering Civil 143,Engineering,Moodyton,Full-time
JOB-0144,"Sales Designer, 144",Sales,Kevinbury,Full-time
JOB-0145,HR Firefighter 145,HR,West Karenfurt,Full-time
JOB-0146,Finance Oncologist 146,Finance,Port Joy,Full-time
JOB-0147,IT Geophysicist/field 147,IT,North Charleschester,Full-time
JOB-0148,HR Advertising 148,HR,Lake Mariaberg,Full-time
JOB-0149,HR Chief 149,HR,Leeport,Full-time
JOB-0150,HR Jewellery 150,HR,Hunttown,Full-time
JOB-0151,IT Immigration 151,IT,Stephenville,Contract
JOB-0152,"Marketing Geneticist, 152",Marketing,Bennettchester,Full-time
JOB-0153,Finance Chief 153,Finance,South Ann,Contract
JOB-0154,Sales Radiation 154,Sales,Rebeccaside,Contract
JOB-0155,IT Risk 155,IT,South Andre,Full-time
JOB-0156,Finance Research 156,Finance,Beanside,Contract
JOB-0157,IT Clinical 157,IT,Walkertown,Contract
JOB-0158,Engineering Occupational 158,Engineering,South Mitchell,Full-time
JOB-0159,"IT Surveyor, 159",IT,Lake Lanceberg,Full-time
JOB-0160,Engineering Charity 160,Engineering,New Garyfort,Full-time
JOB-0161,"HR Therapist, 161",HR,North Donald,Contract
JOB-0162,Sales Warehouse 162,Sales,Millsshire,Contract
JOB-0163,Engineering Exhibitions 163,Engineering,Port Trevorchester,Full-time
JOB-0164,Marketing Insurance 164,Marketing,Maryton,Contract
JOB-0165,Sales IT 165,Sales,Savageview,Contract
JOB-0166,"HR Engineer, 166",HR,Gardnermouth,Contract
JOB-0167,HR Fashion 167,HR,Stevenfort,Full-time
JOB-0168,"Finance Scientist, 168",Finance,North Ronaldland,Contract
JOB-0169,Finance Mining 169,Finance,Port Alexander,Full-time
JOB-0170,"Sales Scientist, 170",Sales,East Jamesville,Contract
JOB-0171,Engineering Arboriculturist 171,Engineering,Simpsonhaven,Full-time
JOB-0172,"Finance Radiographer, 172",Finance,Lake Morgan,Full-time
JOB-0173,Marketing Personal 173,Marketing,Smithville,Contract
JOB-0174,"HR Presenter, 174",HR,Jenniferview,Full-time
JOB-0175,"Finance Scientist, 175",Finance,Christinastad,Contract
JOB-0176,"Sales Surveyor, 176",Sales,East Kelly,Contract
JOB-0177,"HR Engineer, 177",HR,Aprilview,Contract
JOB-0178,Marketing Public 178,Marketing,Clarkmouth,Full-time
JOB-0179,Engineering Control 179,Engineering,New Jennifer,Contract
JOB-0180,Marketing Public 180,Marketing,West Robertberg,Full-time
JOB-0181,"Engineering Psychotherapist, 181",Engineering,North Larryborough,Contract
JOB-0182,"Sales Engineer, 182",Sales,New Stephenville,Contract
JOB-0183,"Sales Biochemist, 183",Sales,Wheelerland,Contract
JOB-0184,HR Maintenance 184,HR,West Courtney,Contract
JOB-0185,"HR Engineer, 185",HR,Justinchester,Full-time
JOB-0186,Engineering Television/film/video 186,Engineering,Michaelfurt,Full-time
JOB-0187,Finance Forest/woodland 187,Finance,North Brittany,Full-time
JOB-0188,HR Civil 188,HR,West Gregory,Full-time
JOB-0189,"Marketing Surveyor, 189",Marketing,East Laurashire,Full-time
JOB-0190,IT Music 190,IT,Barbarashire,Full-time
JOB-0191,Engineering Trade 191,Engineering,Tammyfort,Contract
JOB-0192,"Marketing Engineer, 192",Marketing,North Krista,Full-time
JOB-0193,"Marketing Engineer, 193",Marketing,Port Christinaberg,Full-time
JOB-0194,Finance Development 194,Finance,Baxtermouth,Full-time
JOB-0195,Finance Careers 195,Finance,East Williammouth,Full-time
JOB-0196,"Marketing Physicist, 196",Marketing,Murphyhaven,Contract
JOB-0197,HR Commercial/residential 197,HR,New Phillip,Full-time
JOB-0198,Sales Musician 198,Sales,Kellyhaven,Full-time
JOB-0199,Sales Investment 199,Sales,New Meganburgh,Contract
JOB-0200,Engineering Health 200,Engineering,Port Samuel,Full-time
JOB-0201,Finance Private 201,Finance,Nealview,Contract
JOB-0202,IT Community 202,IT,Pearsonburgh,Full-time
JOB-0203,Marketing Agricultural 203,Marketing,Melissastad,Full-time
JOB-0204,Finance Photographer 204,Finance,New Anita,Full-time
JOB-0205,"IT Engineer, 205",IT,Brookstown,Full-time
JOB-0206,"IT Engineer, 206",IT,Wardborough,Full-time
JOB-0207,"Sales Accountant, 207",Sales,Markstad,Contract
JOB-0208,Marketing Forensic 208,Marketing,New Joshuaview,Contract
JOB-0209,Sales Quality 209,Sales,Williamsview,Full-time
JOB-0210,Engineering Graphic 210,Engineering,New Madelinefort,Full-time
JOB-0211,IT Translator 211,IT,Henryfort,Contract
JOB-0212,Marketing Sports 212,Marketing,North Mikeberg,Full-time
JOB-0213,"Marketing Editor, 213",Marketing,North Robert,Contract
JOB-0214,Finance Communications 214,Finance,South Danaton,Contract
JOB-0215,Finance Interior 215,Finance,Port Amyborough,Contract
JOB-0216,Engineering Visual 216,Engineering,West Marymouth,Full-time
JOB-0217,"Marketing Doctor, 217",Marketing,Zacharyfurt,Full-time
JOB-0218,HR Pension 218,HR,North Jameshaven,Contract
JOB-0219,Engineering Data 219,Engineering,Christophermouth,Full-time
JOB-0220,HR Armed 220,HR,Charlottehaven,Contract
JOB-0221,Marketing Outdoor 221,Marketing,Lake Julie,Contract
JOB-0222,"IT Accountant, 222",IT,Joshuastad,Full-time
JOB-0223,IT Commercial/residential 223,IT,Stevenland,Full-time
JOB-0224,Marketing Systems 224,Marketing,Davisland,Full-time
JOB-0225,Finance Education 225,Finance,East Lonnietown,Contract
JOB-0226,"Engineering Doctor, 226",Engineering,East Danamouth,Full-time
JOB-0227,Marketing Ceramics 227,Marketing,West Mary,Contract
JOB-0228,"Engineering Engineer, 228",Engineering,West Brian,Contract
JOB-0229,HR Historic 229,HR,West Donald,Contract
JOB-0230,Finance Interpreter 230,Finance,Perezborough,Full-time
JOB-0231,Finance Government 231,Finance,East Tiffany,Contract
JOB-0232,HR Futures 232,HR,Bakerfort,Contract
JOB-0233,Finance Marine 233,Finance,Michaelhaven,Contract
JOB-0234,Marketing Production 234,Marketing,North Stephanie,Contract
JOB-0235,Finance Textile 235,Finance,Mooreshire,Contract
JOB-0236,"HR Engineer, 236",HR,Reedport,Full-time
JOB-0237,"Sales Engineer, 237",Sales,Hollyhaven,Contract
JOB-0238,Finance Structural 238,Finance,Christopherborough,Contract
JOB-0239,Finance Further 239,Finance,South Jose,Full-time
JOB-0240,HR Commercial 240,HR,South Donald,Contract
JOB-0241,IT Theatre 241,IT,Nathanfurt,Full-time
JOB-0242,Marketing Theatre 242,Marketing,West Jacquelinestad,Contract
JOB-0243,Sales Actuary 243,Sales,South Thomas,Contract
JOB-0244,HR Legal 244,HR,East Robinport,Contract
JOB-0245,"IT Designer, 245",IT,Paynetown,Contract
JOB-0246,IT Print 246,IT,Watkinschester,Full-time
JOB-0247,HR Oceanographer 247,HR,Flowersview,Contract
JOB-0248,Finance Midwife 248,Finance,Timothyfurt,Full-time
JOB-0249,Finance Hydrologist 249,Finance,East Kathrynhaven,Full-time
JOB-0250,Marketing Clinical 250,Marketing,Simmonsview,Contract
